date,time,province,confirmed,released,deceased
2020-01-20,16,서울,0,0,0
2020-01-20,16,부산,0,0,0
2020-01-20,16,대구,0,0,0
2020-01-20,16,인천,1,0,0
2020-01-20,16,광주,0,0,0
2020-01-20,16,대전,0,0,0
2020-01-20,16,울산,0,0,0
2020-01-20,16,세종,0,0,0
2020-01-20,16,경기도,0,0,0
2020-01-20,16,강원도,0,0,0
2020-01-20,16,충청북도,0,0,0
2020-01-20,16,충청남도,0,0,0
2020-01-20,16,전라북도,0,0,0
2020-01-20,16,전라남도,0,0,0
2020-01-20,16,경상북도,0,0,0
2020-01-20,16,경상남도,0,0,0
2020-01-20,16,제주도,0,0,0
2020-01-21,16,서울,0,0,0
2020-01-21,16,부산,0,0,0
2020-01-21,16,대구,0,0,0
2020-01-21,16,인천,1,0,0
2020-01-21,16,광주,0,0,0
2020-01-21,16,대전,0,0,0
2020-01-21,16,울산,0,0,0
2020-01-21,16,세종,0,0,0
2020-01-21,16,경기도,0,0,0
2020-01-21,16,강원도,0,0,0
2020-01-21,16,충청북도,0,0,0
2020-01-21,16,충청남도,0,0,0
2020-01-21,16,전라북도,0,0,0
2020-01-21,16,전라남도,0,0,0
2020-01-21,16,경상북도,0,0,0
2020-01-21,16,경상남도,0,0,0
2020-01-21,16,제주도,0,0,0
2020-01-22,16,서울,0,0,0
2020-01-22,16,부산,0,0,0
2020-01-22,16,대구,0,0,0
2020-01-22,16,인천,1,0,0
2020-01-22,16,광주,0,0,0
2020-01-22,16,대전,0,0,0
2020-01-22,16,울산,0,0,0
2020-01-22,16,세종,0,0,0
2020-01-22,16,경기도,0,0,0
2020-01-22,16,강원도,0,0,0
2020-01-22,16,충청북도,0,0,0
2020-01-22,16,충청남도,0,0,0
2020-01-22,16,전라북도,0,0,0
2020-01-22,16,전라남도,0,0,0
2020-01-22,16,경상북도,0,0,0
2020-01-22,16,경상남도,0,0,0
2020-01-22,16,제주도,0,0,0
2020-01-23,16,서울,0,0,0
2020-01-23,16,부산,0,0,0
2020-01-23,16,대구,0,0,0
2020-01-23,16,인천,1,0,0
2020-01-23,16,광주,0,0,0
2020-01-23,16,대전,0,0,0
2020-01-23,16,울산,0,0,0
2020-01-23,16,세종,0,0,0
2020-01-23,16,경기도,0,0,0
2020-01-23,16,강원도,0,0,0
2020-01-23,16,충청북도,0,0,0
2020-01-23,16,충청남도,0,0,0
2020-01-23,16,전라북도,0,0,0
2020-01-23,16,전라남도,0,0,0
2020-01-23,16,경상북도,0,0,0
2020-01-23,16,경상남도,0,0,0
2020-01-23,16,제주도,0,0,0
2020-01-24,16,서울,0,0,0
2020-01-24,16,부산,0,0,0
2020-01-24,16,대구,0,0,0
2020-01-24,16,인천,1,0,0
2020-01-24,16,광주,0,0,0
2020-01-24,16,대전,0,0,0
2020-01-24,16,울산,0,0,0
2020-01-24,16,세종,0,0,0
2020-01-24,16,경기도,1,0,0
2020-01-24,16,강원도,0,0,0
2020-01-24,16,충청북도,0,0,0
2020-01-24,16,충청남도,0,0,0
2020-01-24,16,전라북도,0,0,0
2020-01-24,16,전라남도,0,0,0
2020-01-24,16,경상북도,0,0,0
2020-01-24,16,경상남도,0,0,0
2020-01-24,16,제주도,0,0,0
2020-01-25,16,서울,0,0,0
2020-01-25,16,부산,0,0,0
2020-01-25,16,대구,0,0,0
2020-01-25,16,인천,1,0,0
2020-01-25,16,광주,0,0,0
2020-01-25,16,대전,0,0,0
2020-01-25,16,울산,0,0,0
2020-01-25,16,세종,0,0,0
2020-01-25,16,경기도,1,0,0
2020-01-25,16,강원도,0,0,0
2020-01-25,16,충청북도,0,0,0
2020-01-25,16,충청남도,0,0,0
2020-01-25,16,전라북도,0,0,0
2020-01-25,16,전라남도,0,0,0
2020-01-25,16,경상북도,0,0,0
2020-01-25,16,경상남도,0,0,0
2020-01-25,16,제주도,0,0,0
2020-01-26,16,서울,0,0,0
2020-01-26,16,부산,0,0,0
2020-01-26,16,대구,0,0,0
2020-01-26,16,인천,1,0,0
2020-01-26,16,광주,0,0,0
2020-01-26,16,대전,0,0,0
2020-01-26,16,울산,0,0,0
2020-01-26,16,세종,0,0,0
2020-01-26,16,경기도,2,0,0
2020-01-26,16,강원도,0,0,0
2020-01-26,16,충청북도,0,0,0
2020-01-26,16,충청남도,0,0,0
2020-01-26,16,전라북도,0,0,0
2020-01-26,16,전라남도,0,0,0
2020-01-26,16,경상북도,0,0,0
2020-01-26,16,경상남도,0,0,0
2020-01-26,16,제주도,0,0,0
2020-01-27,16,서울,1,0,0
2020-01-27,16,부산,0,0,0
2020-01-27,16,대구,0,0,0
2020-01-27,16,인천,1,0,0
2020-01-27,16,광주,0,0,0
2020-01-27,16,대전,0,0,0
2020-01-27,16,울산,0,0,0
2020-01-27,16,세종,0,0,0
2020-01-27,16,경기도,2,0,0
2020-01-27,16,강원도,0,0,0
2020-01-27,16,충청북도,0,0,0
2020-01-27,16,충청남도,0,0,0
2020-01-27,16,전라북도,0,0,0
2020-01-27,16,전라남도,0,0,0
2020-01-27,16,경상북도,0,0,0
2020-01-27,16,경상남도,0,0,0
2020-01-27,16,제주도,0,0,0
2020-01-28,16,서울,1,0,0
2020-01-28,16,부산,0,0,0
2020-01-28,16,대구,0,0,0
2020-01-28,16,인천,1,0,0
2020-01-28,16,광주,0,0,0
2020-01-28,16,대전,0,0,0
2020-01-28,16,울산,0,0,0
2020-01-28,16,세종,0,0,0
2020-01-28,16,경기도,2,0,0
2020-01-28,16,강원도,0,0,0
2020-01-28,16,충청북도,0,0,0
2020-01-28,16,충청남도,0,0,0
2020-01-28,16,전라북도,0,0,0
2020-01-28,16,전라남도,0,0,0
2020-01-28,16,경상북도,0,0,0
2020-01-28,16,경상남도,0,0,0
2020-01-28,16,제주도,0,0,0
2020-01-29,16,서울,1,0,0
2020-01-29,16,부산,0,0,0
2020-01-29,16,대구,0,0,0
2020-01-29,16,인천,1,0,0
2020-01-29,16,광주,0,0,0
2020-01-29,16,대전,0,0,0
2020-01-29,16,울산,0,0,0
2020-01-29,16,세종,0,0,0
2020-01-29,16,경기도,2,0,0
2020-01-29,16,강원도,0,0,0
2020-01-29,16,충청북도,0,0,0
2020-01-29,16,충청남도,0,0,0
2020-01-29,16,전라북도,0,0,0
2020-01-29,16,전라남도,0,0,0
2020-01-29,16,경상북도,0,0,0
2020-01-29,16,경상남도,0,0,0
2020-01-29,16,제주도,0,0,0
2020-01-30,16,서울,3,0,0
2020-01-30,16,부산,0,0,0
2020-01-30,16,대구,0,0,0
2020-01-30,16,인천,1,0,0
2020-01-30,16,광주,0,0,0
2020-01-30,16,대전,0,0,0
2020-01-30,16,울산,0,0,0
2020-01-30,16,세종,0,0,0
2020-01-30,16,경기도,3,0,0
2020-01-30,16,강원도,0,0,0
2020-01-30,16,충청북도,0,0,0
2020-01-30,16,충청남도,0,0,0
2020-01-30,16,전라북도,0,0,0
2020-01-30,16,전라남도,0,0,0
2020-01-30,16,경상북도,0,0,0
2020-01-30,16,경상남도,0,0,0
2020-01-30,16,제주도,0,0,0
2020-01-31,16,서울,4,0,0
2020-01-31,16,부산,0,0,0
2020-01-31,16,대구,0,0,0
2020-01-31,16,인천,1,0,0
2020-01-31,16,광주,0,0,0
2020-01-31,16,대전,0,0,0
2020-01-31,16,울산,0,0,0
2020-01-31,16,세종,0,0,0
2020-01-31,16,경기도,5,0,0
2020-01-31,16,강원도,0,0,0
2020-01-31,16,충청북도,0,0,0
2020-01-31,16,충청남도,0,0,0
2020-01-31,16,전라북도,1,0,0
2020-01-31,16,전라남도,0,0,0
2020-01-31,16,경상북도,0,0,0
2020-01-31,16,경상남도,0,0,0
2020-01-31,16,제주도,0,0,0
2020-02-01,16,서울,4,0,0
2020-02-01,16,부산,0,0,0
2020-02-01,16,대구,0,0,0
2020-02-01,16,인천,1,0,0
2020-02-01,16,광주,0,0,0
2020-02-01,16,대전,0,0,0
2020-02-01,16,울산,0,0,0
2020-02-01,16,세종,0,0,0
2020-02-01,16,경기도,6,0,0
2020-02-01,16,강원도,0,0,0
2020-02-01,16,충청북도,0,0,0
2020-02-01,16,충청남도,0,0,0
2020-02-01,16,전라북도,1,0,0
2020-02-01,16,전라남도,0,0,0
2020-02-01,16,경상북도,0,0,0
2020-02-01,16,경상남도,0,0,0
2020-02-01,16,제주도,0,0,0
2020-02-02,16,서울,5,0,0
2020-02-02,16,부산,0,0,0
2020-02-02,16,대구,0,0,0
2020-02-02,16,인천,1,0,0
2020-02-02,16,광주,0,0,0
2020-02-02,16,대전,0,0,0
2020-02-02,16,울산,0,0,0
2020-02-02,16,세종,0,0,0
2020-02-02,16,경기도,8,0,0
2020-02-02,16,강원도,0,0,0
2020-02-02,16,충청북도,0,0,0
2020-02-02,16,충청남도,0,0,0
2020-02-02,16,전라북도,1,0,0
2020-02-02,16,전라남도,0,0,0
2020-02-02,16,경상북도,0,0,0
2020-02-02,16,경상남도,0,0,0
2020-02-02,16,제주도,0,0,0
2020-02-03,16,서울,5,0,0
2020-02-03,16,부산,0,0,0
2020-02-03,16,대구,0,0,0
2020-02-03,16,인천,1,0,0
2020-02-03,16,광주,0,0,0
2020-02-03,16,대전,0,0,0
2020-02-03,16,울산,0,0,0
2020-02-03,16,세종,0,0,0
2020-02-03,16,경기도,8,0,0
2020-02-03,16,강원도,0,0,0
2020-02-03,16,충청북도,0,0,0
2020-02-03,16,충청남도,0,0,0
2020-02-03,16,전라북도,1,0,0
2020-02-03,16,전라남도,0,0,0
2020-02-03,16,경상북도,0,0,0
2020-02-03,16,경상남도,0,0,0
2020-02-03,16,제주도,0,0,0
2020-02-04,16,서울,5,0,0
2020-02-04,16,부산,0,0,0
2020-02-04,16,대구,0,0,0
2020-02-04,16,인천,1,0,0
2020-02-04,16,광주,1,0,0
2020-02-04,16,대전,0,0,0
2020-02-04,16,울산,0,0,0
2020-02-04,16,세종,0,0,0
2020-02-04,16,경기도,8,0,0
2020-02-04,16,강원도,0,0,0
2020-02-04,16,충청북도,0,0,0
2020-02-04,16,충청남도,0,0,0
2020-02-04,16,전라북도,1,0,0
2020-02-04,16,전라남도,0,0,0
2020-02-04,16,경상북도,0,0,0
2020-02-04,16,경상남도,0,0,0
2020-02-04,16,제주도,0,0,0
2020-02-05,16,서울,5,1,0
2020-02-05,16,부산,0,0,0
2020-02-05,16,대구,0,0,0
2020-02-05,16,인천,1,0,0
2020-02-05,16,광주,1,0,0
2020-02-05,16,대전,0,0,0
2020-02-05,16,울산,0,0,0
2020-02-05,16,세종,0,0,0
2020-02-05,16,경기도,10,0,0
2020-02-05,16,강원도,0,0,0
2020-02-05,16,충청북도,0,0,0
2020-02-05,16,충청남도,0,0,0
2020-02-05,16,전라북도,1,0,0
2020-02-05,16,전라남도,0,0,0
2020-02-05,16,경상북도,0,0,0
2020-02-05,16,경상남도,0,0,0
2020-02-05,16,제주도,0,0,0
2020-02-06,16,서울,10,1,0
2020-02-06,16,부산,0,0,0
2020-02-06,16,대구,0,0,0
2020-02-06,16,인천,1,1,0
2020-02-06,16,광주,1,0,0
2020-02-06,16,대전,0,0,0
2020-02-06,16,울산,0,0,0
2020-02-06,16,세종,0,0,0
2020-02-06,16,경기도,10,0,0
2020-02-06,16,강원도,0,0,0
2020-02-06,16,충청북도,0,0,0
2020-02-06,16,충청남도,0,0,0
2020-02-06,16,전라북도,1,0,0
2020-02-06,16,전라남도,0,0,0
2020-02-06,16,경상북도,0,0,0
2020-02-06,16,경상남도,0,0,0
2020-02-06,16,제주도,0,0,0
2020-02-07,16,서울,11,1,0
2020-02-07,16,부산,0,0,0
2020-02-07,16,대구,0,0,0
2020-02-07,16,인천,1,1,0
2020-02-07,16,광주,1,0,0
2020-02-07,16,대전,0,0,0
2020-02-07,16,울산,0,0,0
2020-02-07,16,세종,0,0,0
2020-02-07,16,경기도,10,0,0
2020-02-07,16,강원도,0,0,0
2020-02-07,16,충청북도,0,0,0
2020-02-07,16,충청남도,0,0,0
2020-02-07,16,전라북도,1,0,0
2020-02-07,16,전라남도,0,0,0
2020-02-07,16,경상북도,0,0,0
2020-02-07,16,경상남도,0,0,0
2020-02-07,16,제주도,0,0,0
2020-02-08,16,서울,11,1,0
2020-02-08,16,부산,0,0,0
2020-02-08,16,대구,0,0,0
2020-02-08,16,인천,1,1,0
2020-02-08,16,광주,1,0,0
2020-02-08,16,대전,0,0,0
2020-02-08,16,울산,0,0,0
2020-02-08,16,세종,0,0,0
2020-02-08,16,경기도,10,0,0
2020-02-08,16,강원도,0,0,0
2020-02-08,16,충청북도,0,0,0
2020-02-08,16,충청남도,0,0,0
2020-02-08,16,전라북도,1,0,0
2020-02-08,16,전라남도,0,0,0
2020-02-08,16,경상북도,0,0,0
2020-02-08,16,경상남도,0,0,0
2020-02-08,16,제주도,0,0,0
2020-02-09,16,서울,14,1,0
2020-02-09,16,부산,0,0,0
2020-02-09,16,대구,0,0,0
2020-02-09,16,인천,1,1,0
2020-02-09,16,광주,1,0,0
2020-02-09,16,대전,0,0,0
2020-02-09,16,울산,0,0,0
2020-02-09,16,세종,0,0,0
2020-02-09,16,경기도,10,1,0
2020-02-09,16,강원도,0,0,0
2020-02-09,16,충청북도,0,0,0
2020-02-09,16,충청남도,0,0,0
2020-02-09,16,전라북도,1,0,0
2020-02-09,16,전라남도,0,0,0
2020-02-09,16,경상북도,0,1,0
2020-02-09,16,경상남도,0,0,0
2020-02-09,16,제주도,0,0,0
2020-02-10,16,서울,14,1,0
2020-02-10,16,부산,0,0,0
2020-02-10,16,대구,0,0,0
2020-02-10,16,인천,1,1,0
2020-02-10,16,광주,1,0,0
2020-02-10,16,대전,0,0,0
2020-02-10,16,울산,0,0,0
2020-02-10,16,세종,0,0,0
2020-02-10,16,경기도,10,1,0
2020-02-10,16,강원도,0,0,0
2020-02-10,16,충청북도,0,0,0
2020-02-10,16,충청남도,0,0,0
2020-02-10,16,전라북도,1,0,0
2020-02-10,16,전라남도,0,0,0
2020-02-10,16,경상북도,0,1,0
2020-02-10,16,경상남도,0,0,0
2020-02-10,16,제주도,0,0,0
2020-02-11,16,서울,14,2,0
2020-02-11,16,부산,0,0,0
2020-02-11,16,대구,0,0,0
2020-02-11,16,인천,1,1,0
2020-02-11,16,광주,1,0,0
2020-02-11,16,대전,0,0,0
2020-02-11,16,울산,0,0,0
2020-02-11,16,세종,0,0,0
2020-02-11,16,경기도,12,3,0
2020-02-11,16,강원도,0,0,0
2020-02-11,16,충청북도,0,0,0
2020-02-11,16,충청남도,0,0,0
2020-02-11,16,전라북도,1,0,0
2020-02-11,16,전라남도,0,0,0
2020-02-11,16,경상북도,0,1,0
2020-02-11,16,경상남도,0,0,0
2020-02-11,16,제주도,0,0,0
2020-02-12,16,서울,14,2,0
2020-02-12,16,부산,0,0,0
2020-02-12,16,대구,0,0,0
2020-02-12,16,인천,1,1,0
2020-02-12,16,광주,1,0,0
2020-02-12,16,대전,0,0,0
2020-02-12,16,울산,0,0,0
2020-02-12,16,세종,0,0,0
2020-02-12,16,경기도,12,3,0
2020-02-12,16,강원도,0,0,0
2020-02-12,16,충청북도,0,0,0
2020-02-12,16,충청남도,0,0,0
2020-02-12,16,전라북도,1,0,0
2020-02-12,16,전라남도,0,0,0
2020-02-12,16,경상북도,0,1,0
2020-02-12,16,경상남도,0,0,0
2020-02-12,16,제주도,0,0,0
2020-02-13,16,서울,14,2,0
2020-02-13,16,부산,0,0,0
2020-02-13,16,대구,0,0,0
2020-02-13,16,인천,1,1,0
2020-02-13,16,광주,1,0,0
2020-02-13,16,대전,0,0,0
2020-02-13,16,울산,0,0,0
2020-02-13,16,세종,0,0,0
2020-02-13,16,경기도,12,5,0
2020-02-13,16,강원도,0,0,0
2020-02-13,16,충청북도,0,0,0
2020-02-13,16,충청남도,0,0,0
2020-02-13,16,전라북도,1,1,0
2020-02-13,16,전라남도,0,0,0
2020-02-13,16,경상북도,0,1,0
2020-02-13,16,경상남도,0,0,0
2020-02-13,16,제주도,0,0,0
2020-02-14,16,서울,14,2,0
2020-02-14,16,부산,0,0,0
2020-02-14,16,대구,0,0,0
2020-02-14,16,인천,1,1,0
2020-02-14,16,광주,1,0,0
2020-02-14,16,대전,0,0,0
2020-02-14,16,울산,0,0,0
2020-02-14,16,세종,0,0,0
2020-02-14,16,경기도,12,5,0
2020-02-14,16,강원도,0,0,0
2020-02-14,16,충청북도,0,0,0
2020-02-14,16,충청남도,0,0,0
2020-02-14,16,전라북도,1,1,0
2020-02-14,16,전라남도,0,0,0
2020-02-14,16,경상북도,0,1,0
2020-02-14,16,경상남도,0,0,0
2020-02-14,16,제주도,0,0,0
2020-02-15,16,서울,14,2,0
2020-02-15,16,부산,0,0,0
2020-02-15,16,대구,0,0,0
2020-02-15,16,인천,1,1,0
2020-02-15,16,광주,1,0,0
2020-02-15,16,대전,0,0,0
2020-02-15,16,울산,0,0,0
2020-02-15,16,세종,0,0,0
2020-02-15,16,경기도,12,5,0
2020-02-15,16,강원도,0,0,0
2020-02-15,16,충청북도,0,0,0
2020-02-15,16,충청남도,0,0,0
2020-02-15,16,전라북도,1,1,0
2020-02-15,16,전라남도,0,0,0
2020-02-15,16,경상북도,0,1,0
2020-02-15,16,경상남도,0,0,0
2020-02-15,16,제주도,0,0,0
2020-02-16,16,서울,14,3,0
2020-02-16,16,부산,0,0,0
2020-02-16,16,대구,0,0,0
2020-02-16,16,인천,1,1,0
2020-02-16,16,광주,1,0,0
2020-02-16,16,대전,0,0,0
2020-02-16,16,울산,0,0,0
2020-02-16,16,세종,0,0,0
2020-02-16,16,경기도,12,5,0
2020-02-16,16,강원도,0,0,0
2020-02-16,16,충청북도,0,0,0
2020-02-16,16,충청남도,0,0,0
2020-02-16,16,전라북도,1,1,0
2020-02-16,16,전라남도,0,0,0
2020-02-16,16,경상북도,0,1,0
2020-02-16,16,경상남도,0,0,0
2020-02-16,16,제주도,0,0,0
2020-02-17,16,서울,14,3,0
2020-02-17,16,부산,0,0,0
2020-02-17,16,대구,0,0,0
2020-02-17,16,인천,1,1,0
2020-02-17,16,광주,1,0,0
2020-02-17,16,대전,0,0,0
2020-02-17,16,울산,0,0,0
2020-02-17,16,세종,0,0,0
2020-02-17,16,경기도,12,5,0
2020-02-17,16,강원도,0,0,0
2020-02-17,16,충청북도,0,0,0
2020-02-17,16,충청남도,0,0,0
2020-02-17,16,전라북도,1,1,0
2020-02-17,16,전라남도,0,0,0
2020-02-17,16,경상북도,0,1,0
2020-02-17,16,경상남도,0,0,0
2020-02-17,16,제주도,0,0,0
2020-02-18,16,서울,14,3,0
2020-02-18,16,부산,0,0,0
2020-02-18,16,대구,1,0,0
2020-02-18,16,인천,1,1,0
2020-02-18,16,광주,1,0,0
2020-02-18,16,대전,0,0,0
2020-02-18,16,울산,0,0,0
2020-02-18,16,세종,0,0,0
2020-02-18,16,경기도,12,5,0
2020-02-18,16,강원도,0,0,0
2020-02-18,16,충청북도,0,0,0
2020-02-18,16,충청남도,0,0,0
2020-02-18,16,전라북도,1,1,0
2020-02-18,16,전라남도,0,0,0
2020-02-18,16,경상북도,0,1,0
2020-02-18,16,경상남도,0,0,0
2020-02-18,16,제주도,0,0,0
2020-02-19,16,서울,20,3,0
2020-02-19,16,부산,0,0,0
2020-02-19,16,대구,11,0,0
2020-02-19,16,인천,2,1,0
2020-02-19,16,광주,1,0,0
2020-02-19,16,대전,0,0,0
2020-02-19,16,울산,0,0,0
2020-02-19,16,세종,0,0,0
2020-02-19,16,경기도,12,7,0
2020-02-19,16,강원도,0,0,0
2020-02-19,16,충청북도,0,0,0
2020-02-19,16,충청남도,0,0,0
2020-02-19,16,전라북도,1,1,0
2020-02-19,16,전라남도,0,0,0
2020-02-19,16,경상북도,2,1,0
2020-02-19,16,경상남도,3,0,0
2020-02-19,16,제주도,0,0,0
2020-02-20,16,서울,22,5,0
2020-02-20,16,부산,8,0,0
2020-02-20,16,대구,30,0,0
2020-02-20,16,인천,2,1,0
2020-02-20,16,광주,1,2,0
2020-02-20,16,대전,0,0,0
2020-02-20,16,울산,0,0,0
2020-02-20,16,세종,0,0,0
2020-02-20,16,경기도,12,7,0
2020-02-20,16,강원도,0,0,0
2020-02-20,16,충청북도,0,0,0
2020-02-20,16,충청남도,0,0,0
2020-02-20,16,전라북도,1,1,0
2020-02-20,16,전라남도,0,0,0
2020-02-20,16,경상북도,25,1,1
2020-02-20,16,경상남도,3,0,0
2020-02-20,16,제주도,0,0,0
2020-02-21,16,서울,27,5,0
2020-02-21,16,부산,8,0,0
2020-02-21,16,대구,110,0,0
2020-02-21,16,인천,2,1,0
2020-02-21,16,광주,3,2,0
2020-02-21,16,대전,0,0,0
2020-02-21,16,울산,0,0,0
2020-02-21,16,세종,0,0,0
2020-02-21,16,경기도,14,7,0
2020-02-21,16,강원도,0,0,0
2020-02-21,16,충청북도,1,0,0
2020-02-21,16,충청남도,1,0,0
2020-02-21,16,전라북도,2,1,0
2020-02-21,16,전라남도,0,0,0
2020-02-21,16,경상북도,28,1,1
2020-02-21,16,경상남도,7,0,0
2020-02-21,16,제주도,1,0,0
2020-02-22,16,서울,30,6,0
2020-02-22,16,부산,11,0,0
2020-02-22,16,대구,193,0,0
2020-02-22,16,인천,2,1,0
2020-02-22,16,광주,6,2,0
2020-02-22,16,대전,2,0,0
2020-02-22,16,울산,1,0,0
2020-02-22,16,세종,1,0,0
2020-02-22,16,경기도,20,7,0
2020-02-22,16,강원도,6,0,0
2020-02-22,16,충청북도,3,0,0
2020-02-22,16,충청남도,1,0,0
2020-02-22,16,전라북도,3,1,0
2020-02-22,16,전라남도,1,0,0
2020-02-22,16,경상북도,145,1,3
2020-02-22,16,경상남도,7,0,0
2020-02-22,16,제주도,1,0,0
2020-02-23,16,서울,31,6,0
2020-02-23,16,부산,19,0,0
2020-02-23,16,대구,310,0,1
2020-02-23,16,인천,2,1,0
2020-02-23,16,광주,8,2,0
2020-02-23,16,대전,3,0,0
2020-02-23,16,울산,1,0,0
2020-02-23,16,세종,1,0,0
2020-02-23,16,경기도,24,7,0
2020-02-23,16,강원도,6,0,0
2020-02-23,16,충청북도,3,0,0
2020-02-23,16,충청남도,1,0,0
2020-02-23,16,전라북도,3,1,0
2020-02-23,16,전라남도,1,0,0
2020-02-23,16,경상북도,170,1,3
2020-02-23,16,경상남도,17,0,0
2020-02-23,16,제주도,2,0,0
2020-02-24,16,서울,35,6,0
2020-02-24,16,부산,34,0,0
2020-02-24,16,대구,483,0,2
2020-02-24,16,인천,2,1,0
2020-02-24,16,광주,9,2,0
2020-02-24,16,대전,3,0,0
2020-02-24,16,울산,2,0,0
2020-02-24,16,세종,1,0,0
2020-02-24,16,경기도,35,7,0
2020-02-24,16,강원도,6,0,0
2020-02-24,16,충청북도,3,0,0
2020-02-24,16,충청남도,1,0,0
2020-02-24,16,전라북도,3,1,0
2020-02-24,16,전라남도,1,0,0
2020-02-24,16,경상북도,193,1,6
2020-02-24,16,경상남도,20,0,0
2020-02-24,16,제주도,2,0,0
2020-02-25,16,서울,41,8,0
2020-02-25,16,부산,42,0,0
2020-02-25,16,대구,543,0,6
2020-02-25,16,인천,2,1,0
2020-02-25,16,광주,9,2,0
2020-02-25,16,대전,3,0,0
2020-02-25,16,울산,3,0,0
2020-02-25,16,세종,1,0,0
2020-02-25,16,경기도,42,8,0
2020-02-25,16,강원도,6,0,0
2020-02-25,16,충청북도,5,0,0
2020-02-25,16,충청남도,2,0,0
2020-02-25,16,전라북도,3,1,0
2020-02-25,16,전라남도,1,0,0
2020-02-25,16,경상북도,249,1,6
2020-02-25,16,경상남도,23,0,0
2020-02-25,16,제주도,2,0,0
2020-02-26,16,서울,49,8,0
2020-02-26,16,부산,58,0,0
2020-02-26,16,대구,710,1,6
2020-02-26,16,인천,3,1,0
2020-02-26,16,광주,9,2,0
2020-02-26,16,대전,5,0,0
2020-02-26,16,울산,4,0,0
2020-02-26,16,세종,1,0,0
2020-02-26,16,경기도,51,8,1
2020-02-26,16,강원도,6,0,0
2020-02-26,16,충청북도,5,0,0
2020-02-26,16,충청남도,3,0,0
2020-02-26,16,전라북도,3,1,0
2020-02-26,16,전라남도,1,0,0
2020-02-26,16,경상북도,317,1,6
2020-02-26,16,경상남도,34,0,0
2020-02-26,16,제주도,2,0,0
2020-02-27,16,서울,56,8,0
2020-02-27,16,부산,61,0,0
2020-02-27,16,대구,1132,2,6
2020-02-27,16,인천,3,1,0
2020-02-27,16,광주,9,2,0
2020-02-27,16,대전,9,0,0
2020-02-27,16,울산,11,0,0
2020-02-27,16,세종,1,0,0
2020-02-27,16,경기도,62,8,1
2020-02-27,16,강원도,6,0,0
2020-02-27,16,충청북도,8,0,0
2020-02-27,16,충청남도,12,0,0
2020-02-27,16,전라북도,5,1,0
2020-02-27,16,전라남도,1,0,0
2020-02-27,16,경상북도,345,1,6
2020-02-27,16,경상남도,43,0,0
2020-02-27,16,제주도,2,0,0
2020-02-28,16,서울,62,9,0
2020-02-28,16,부산,65,0,0
2020-02-28,16,대구,1580,3,6
2020-02-28,16,인천,4,1,0
2020-02-28,16,광주,9,2,0
2020-02-28,16,대전,13,0,0
2020-02-28,16,울산,14,0,0
2020-02-28,16,세종,1,0,0
2020-02-28,16,경기도,72,8,1
2020-02-28,16,강원도,7,0,0
2020-02-28,16,충청북도,9,0,0
2020-02-28,16,충청남도,35,0,0
2020-02-28,16,전라북도,5,1,0
2020-02-28,16,전라남도,1,0,0
2020-02-28,16,경상북도,409,1,6
2020-02-28,16,경상남도,49,1,0
2020-02-28,16,제주도,2,0,0
2020-02-29,16,서울,77,9,0
2020-02-29,16,부산,80,0,0
2020-02-29,16,대구,2236,3,10
2020-02-29,16,인천,6,1,0
2020-02-29,16,광주,9,2,0
2020-02-29,16,대전,13,0,0
2020-02-29,16,울산,17,0,0
2020-02-29,16,세종,1,0,0
2020-02-29,16,경기도,82,8,1
2020-02-29,16,강원도,7,0,0
2020-02-29,16,충청북도,10,0,0
2020-02-29,16,충청남도,55,0,0
2020-02-29,16,전라북도,5,1,0
2020-02-29,16,전라남도,3,0,0
2020-02-29,16,경상북도,488,1,6
2020-02-29,16,경상남도,59,1,0
2020-02-29,16,제주도,2,0,0
2020-03-01,16,서울,87,11,0
2020-03-01,16,부산,83,0,0
2020-03-01,16,대구,2704,6,11
2020-03-01,16,인천,6,1,0
2020-03-01,16,광주,9,2,0
2020-03-01,16,대전,13,0,0
2020-03-01,16,울산,20,0,0
2020-03-01,16,세종,1,0,0
2020-03-01,16,경기도,89,8,1
2020-03-01,16,강원도,15,0,0
2020-03-01,16,충청북도,11,0,0
2020-03-01,16,충청남도,68,0,0
2020-03-01,16,전라북도,6,1,0
2020-03-01,16,전라남도,3,0,0
2020-03-01,16,경상북도,556,1,6
2020-03-01,16,경상남도,63,1,0
2020-03-01,16,제주도,2,0,0
2020-03-02,0,서울,91,12,0
2020-03-02,0,부산,88,1,0
2020-03-02,0,대구,3081,7,15
2020-03-02,0,인천,7,1,0
2020-03-02,0,광주,9,2,0
2020-03-02,0,대전,14,0,0
2020-03-02,0,울산,20,0,0
2020-03-02,0,세종,1,0,0
2020-03-02,0,경기도,92,8,1
2020-03-02,0,강원도,19,0,0
2020-03-02,0,충청북도,11,0,0
2020-03-02,0,충청남도,78,0,0
2020-03-02,0,전라북도,6,1,0
2020-03-02,0,전라남도,5,0,0
2020-03-02,0,경상북도,624,1,6
2020-03-02,0,경상남도,64,1,0
2020-03-02,0,제주도,2,0,0
2020-03-03,0,서울,98,13,0
2020-03-03,0,부산,90,1,0
2020-03-03,0,대구,3601,9,21
2020-03-03,0,인천,7,1,0
2020-03-03,0,광주,11,2,0
2020-03-03,0,대전,14,0,0
2020-03-03,0,울산,20,0,0
2020-03-03,0,세종,1,0,0
2020-03-03,0,경기도,94,8,1
2020-03-03,0,강원도,20,0,0
2020-03-03,0,충청북도,11,0,0
2020-03-03,0,충청남도,81,0,0
2020-03-03,0,전라북도,7,1,0
2020-03-03,0,전라남도,5,0,0
2020-03-03,0,경상북도,685,1,6
2020-03-03,0,경상남도,64,1,0
2020-03-03,0,제주도,3,0,0
2020-03-04,0,서울,99,19,0
2020-03-04,0,부산,92,2,0
2020-03-04,0,대구,4007,11,25
2020-03-04,0,인천,9,2,0
2020-03-04,0,광주,13,2,0
2020-03-04,0,대전,15,0,0
2020-03-04,0,울산,23,0,0
2020-03-04,0,세종,1,0,0
2020-03-04,0,경기도,101,9,1
2020-03-04,0,강원도,21,0,0
2020-03-04,0,충청북도,11,0,0
2020-03-04,0,충청남도,82,0,0
2020-03-04,0,전라북도,7,1,0
2020-03-04,0,전라남도,4,0,0
2020-03-04,0,경상북도,774,4,6
2020-03-04,0,경상남도,65,2,0
2020-03-04,0,제주도,3,0,0
2020-03-05,0,서울,103,25,0
2020-03-05,0,부산,92,2,0
2020-03-05,0,대구,4328,14,27
2020-03-05,0,인천,9,2,0
2020-03-05,0,광주,13,3,0
2020-03-05,0,대전,16,0,0
2020-03-05,0,울산,23,0,0
2020-03-05,0,세종,1,0,0
2020-03-05,0,경기도,110,10,1
2020-03-05,0,강원도,23,3,0
2020-03-05,0,충청북도,12,1,0
2020-03-05,0,충청남도,86,0,0
2020-03-05,0,전라북도,7,2,0
2020-03-05,0,전라남도,4,0,0
2020-03-05,0,경상북도,861,23,6
2020-03-05,0,경상남도,74,3,0
2020-03-05,0,제주도,4,0,0
2020-03-06,0,서울,105,25,0
2020-03-06,0,부산,95,2,0
2020-03-06,0,대구,4694,15,30
2020-03-06,0,인천,9,2,0
2020-03-06,0,광주,13,3,0
2020-03-06,0,대전,18,0,0
2020-03-06,0,울산,23,1,0
2020-03-06,0,세종,1,0,0
2020-03-06,0,경기도,120,14,1
2020-03-06,0,강원도,25,3,0
2020-03-06,0,충청북도,15,1,0
2020-03-06,0,충청남도,90,0,0
2020-03-06,0,전라북도,7,2,0
2020-03-06,0,전라남도,4,0,0
2020-03-06,0,경상북도,984,36,10
2020-03-06,0,경상남도,77,4,0
2020-03-06,0,제주도,4,0,0
2020-03-07,0,서울,108,27,0
2020-03-07,0,부산,96,2,0
2020-03-07,0,대구,5084,18,31
2020-03-07,0,인천,9,2,0
2020-03-07,0,광주,13,3,0
2020-03-07,0,대전,18,0,0
2020-03-07,0,울산,23,1,0
2020-03-07,0,세종,2,0,0
2020-03-07,0,경기도,130,14,1
2020-03-07,0,강원도,26,3,1
2020-03-07,0,충청북도,20,1,0
2020-03-07,0,충청남도,92,0,0
2020-03-07,0,전라북도,7,2,0
2020-03-07,0,전라남도,4,0,0
2020-03-07,0,경상북도,1049,41,10
2020-03-07,0,경상남도,82,4,0
2020-03-07,0,제주도,4,0,0
2020-03-08,0,서울,120,28,0
2020-03-08,0,부산,96,9,0
2020-03-08,0,대구,5381,18,35
2020-03-08,0,인천,9,2,0
2020-03-08,0,광주,13,3,0
2020-03-08,0,대전,18,1,0
2020-03-08,0,울산,24,1,0
2020-03-08,0,세종,3,0,0
2020-03-08,0,경기도,141,16,1
2020-03-08,0,강원도,27,3,1
2020-03-08,0,충청북도,24,1,0
2020-03-08,0,충청남도,98,0,0
2020-03-08,0,전라북도,7,2,0
2020-03-08,0,전라남도,4,0,0
2020-03-08,0,경상북도,1082,42,13
2020-03-08,0,경상남도,83,4,0
2020-03-08,0,제주도,4,0,0
2020-03-09,0,서울,130,29,0
2020-03-09,0,부산,96,10,0
2020-03-09,0,대구,5571,21,35
2020-03-09,0,인천,9,2,0
2020-03-09,0,광주,15,3,0
2020-03-09,0,대전,18,1,0
2020-03-09,0,울산,24,1,0
2020-03-09,0,세종,6,0,0
2020-03-09,0,경기도,153,22,1
2020-03-09,0,강원도,28,3,1
2020-03-09,0,충청북도,25,3,0
2020-03-09,0,충청남도,102,1,0
2020-03-09,0,전라북도,7,2,0
2020-03-09,0,전라남도,4,1,0
2020-03-09,0,경상북도,1107,57,14
2020-03-09,0,경상남도,83,9,0
2020-03-09,0,제주도,4,1,0
2020-03-10,0,서울,141,31,0
2020-03-10,0,부산,96,10,0
2020-03-10,0,대구,5663,92,38
2020-03-10,0,인천,13,3,0
2020-03-10,0,광주,15,3,0
2020-03-10,0,대전,18,1,0
2020-03-10,0,울산,24,1,0
2020-03-10,0,세종,8,0,0
2020-03-10,0,경기도,163,22,1
2020-03-10,0,강원도,28,6,1
2020-03-10,0,충청북도,25,3,0
2020-03-10,0,충청남도,104,1,0
2020-03-10,0,전라북도,7,2,0
2020-03-10,0,전라남도,4,1,0
2020-03-10,0,경상북도,1117,60,14
2020-03-10,0,경상남도,83,10,0
2020-03-10,0,제주도,4,1,0
2020-03-11,0,서울,193,37,0
2020-03-11,0,부산,98,21,0
2020-03-11,0,대구,5794,102,44
2020-03-11,0,인천,25,3,0
2020-03-11,0,광주,15,3,0
2020-03-11,0,대전,18,2,0
2020-03-11,0,울산,25,2,0
2020-03-11,0,세종,10,0,0
2020-03-11,0,경기도,175,25,1
2020-03-11,0,강원도,29,6,1
2020-03-11,0,충청북도,27,3,0
2020-03-11,0,충청남도,112,1,0
2020-03-11,0,전라북도,7,2,0
2020-03-11,0,전라남도,4,1,0
2020-03-11,0,경상북도,1135,69,14
2020-03-11,0,경상남도,84,10,0
2020-03-11,0,제주도,4,1,0
2020-03-12,0,서울,212,38,0
2020-03-12,0,부산,99,29,0
2020-03-12,0,대구,5867,114,48
2020-03-12,0,인천,25,4,0
2020-03-12,0,광주,15,4,0
2020-03-12,0,대전,20,2,0
2020-03-12,0,울산,25,3,0
2020-03-12,0,세종,15,0,0
2020-03-12,0,경기도,178,27,1
2020-03-12,0,강원도,29,6,1
2020-03-12,0,충청북도,27,4,0
2020-03-12,0,충청남도,114,5,0
2020-03-12,0,전라북도,7,2,0
2020-03-12,0,전라남도,4,1,0
2020-03-12,0,경상북도,1143,83,16
2020-03-12,0,경상남도,85,10,0
2020-03-12,0,제주도,4,1,0
2020-03-13,0,서울,225,40,0
2020-03-13,0,부산,100,36,0
2020-03-13,0,대구,5928,251,48
2020-03-13,0,인천,27,4,0
2020-03-13,0,광주,15,4,0
2020-03-13,0,대전,22,4,0
2020-03-13,0,울산,27,3,0
2020-03-13,0,세종,32,0,0
2020-03-13,0,경기도,185,31,2
2020-03-13,0,강원도,29,6,1
2020-03-13,0,충청북도,27,4,0
2020-03-13,0,충청남도,115,7,0
2020-03-13,0,전라북도,7,4,0
2020-03-13,0,전라남도,4,1,0
2020-03-13,0,경상북도,1147,103,16
2020-03-13,0,경상남도,85,11,0
2020-03-13,0,제주도,4,1,0
2020-03-14,0,서울,238,44,0
2020-03-14,0,부산,103,40,0
2020-03-14,0,대구,5990,401,51
2020-03-14,0,인천,28,4,0
2020-03-14,0,광주,15,4,0
2020-03-14,0,대전,22,4,0
2020-03-14,0,울산,27,5,0
2020-03-14,0,세종,38,0,0
2020-03-14,0,경기도,200,36,3
2020-03-14,0,강원도,29,6,1
2020-03-14,0,충청북도,28,5,0
2020-03-14,0,충청남도,115,9,0
2020-03-14,0,전라북도,7,4,0
2020-03-14,0,전라남도,4,2,0
2020-03-14,0,경상북도,1153,138,17
2020-03-14,0,경상남도,85,11,0
2020-03-14,0,제주도,4,1,0
2020-03-15,0,서울,247,47,0
2020-03-15,0,부산,106,52,1
2020-03-15,0,대구,6031,468,53
2020-03-15,0,인천,30,4,0
2020-03-15,0,광주,16,4,0
2020-03-15,0,대전,22,4,0
2020-03-15,0,울산,28,6,0
2020-03-15,0,세종,39,0,0
2020-03-15,0,경기도,211,40,3
2020-03-15,0,강원도,29,7,1
2020-03-15,0,충청북도,31,6,0
2020-03-15,0,충청남도,115,10,0
2020-03-15,0,전라북도,7,4,0
2020-03-15,0,전라남도,4,2,0
2020-03-15,0,경상북도,1157,163,17
2020-03-15,0,경상남도,85,16,0
2020-03-15,0,제주도,4,1,0
2020-03-16,0,서울,253,52,0
2020-03-16,0,부산,107,53,1
2020-03-16,0,대구,6066,734,53
2020-03-16,0,인천,30,4,0
2020-03-16,0,광주,16,4,0
2020-03-16,0,대전,22,4,0
2020-03-16,0,울산,28,7,0
2020-03-16,0,세종,40,0,0
2020-03-16,0,경기도,231,48,3
2020-03-16,0,강원도,29,7,1
2020-03-16,0,충청북도,31,6,0
2020-03-16,0,충청남도,115,12,0
2020-03-16,0,전라북도,7,4,0
2020-03-16,0,전라남도,4,2,0
2020-03-16,0,경상북도,1164,178,17
2020-03-16,0,경상남도,85,20,0
2020-03-16,0,제주도,4,2,0
2020-03-17,0,서울,265,55,0
2020-03-17,0,부산,107,54,1
2020-03-17,0,대구,6098,947,57
2020-03-17,0,인천,31,5,0
2020-03-17,0,광주,16,6,0
2020-03-17,0,대전,22,4,0
2020-03-17,0,울산,28,8,0
2020-03-17,0,세종,40,0,0
2020-03-17,0,경기도,262,55,3
2020-03-17,0,강원도,29,8,1
2020-03-17,0,충청북도,31,5,0
2020-03-17,0,충청남도,115,15,0
2020-03-17,0,전라북도,7,4,0
2020-03-17,0,전라남도,4,2,0
2020-03-17,0,경상북도,1169,209,19
2020-03-17,0,경상남도,86,22,0
2020-03-17,0,제주도,4,2,0
2020-03-18,0,서울,270,55,0
2020-03-18,0,부산,107,58,1
2020-03-18,0,대구,6144,1048,58
2020-03-18,0,인천,32,5,0
2020-03-18,0,광주,17,6,0
2020-03-18,0,대전,22,4,0
2020-03-18,0,울산,30,9,0
2020-03-18,0,세종,41,0,0
2020-03-18,0,경기도,277,59,3
2020-03-18,0,강원도,30,8,1
2020-03-18,0,충청북도,32,5,0
2020-03-18,0,충청남도,118,16,0
2020-03-18,0,전라북도,9,5,0
2020-03-18,0,전라남도,5,2,0
2020-03-18,0,경상북도,1178,235,21
2020-03-18,0,경상남도,86,23,0
2020-03-18,0,제주도,4,2,0
2020-03-19,0,서울,282,58,0
2020-03-19,0,부산,107,58,1
2020-03-19,0,대구,6241,1382,65
2020-03-19,0,인천,32,6,0
2020-03-19,0,광주,17,7,0
2020-03-19,0,대전,22,4,0
2020-03-19,0,울산,36,9,0
2020-03-19,0,세종,41,0,0
2020-03-19,0,경기도,295,64,3
2020-03-19,0,강원도,30,9,1
2020-03-19,0,충청북도,33,5,0
2020-03-19,0,충청남도,118,31,0
2020-03-19,0,전라북도,10,5,0
2020-03-19,0,전라남도,5,3,0
2020-03-19,0,경상북도,1190,275,21
2020-03-19,0,경상남도,86,29,0
2020-03-19,0,제주도,4,2,0
2020-03-20,0,서울,299,64,0
2020-03-20,0,부산,108,60,1
2020-03-20,0,대구,6275,1577,67
2020-03-20,0,인천,36,7,0
2020-03-20,0,광주,18,10,0
2020-03-20,0,대전,22,5,0
2020-03-20,0,울산,36,11,0
2020-03-20,0,세종,41,0,0
2020-03-20,0,경기도,309,66,3
2020-03-20,0,강원도,30,10,1
2020-03-20,0,충청북도,33,6,0
2020-03-20,0,충청남도,119,32,0
2020-03-20,0,전라북도,10,7,0
2020-03-20,0,전라남도,5,3,0
2020-03-20,0,경상북도,1203,340,22
2020-03-20,0,경상남도,87,33,0
2020-03-20,0,제주도,4,2,0
2020-03-21,0,서울,314,64,0
2020-03-21,0,부산,108,67,1
2020-03-21,0,대구,6344,1861,73
2020-03-21,0,인천,40,7,0
2020-03-21,0,광주,18,10,0
2020-03-21,0,대전,22,5,0
2020-03-21,0,울산,36,11,0
2020-03-21,0,세종,41,2,0
2020-03-21,0,경기도,321,79,3
2020-03-21,0,강원도,30,12,1
2020-03-21,0,충청북도,34,8,0
2020-03-21,0,충청남도,119,39,0
2020-03-21,0,전라북도,10,7,0
2020-03-21,0,전라남도,5,3,0
2020-03-21,0,경상북도,1243,395,24
2020-03-21,0,경상남도,87,40,0
2020-03-21,0,제주도,4,2,0
2020-03-22,0,서울,324,64,0
2020-03-22,0,부산,108,69,1
2020-03-22,0,대구,6387,2107,75
2020-03-22,0,인천,40,8,0
2020-03-22,0,광주,19,10,0
2020-03-22,0,대전,24,6,0
2020-03-22,0,울산,36,12,0
2020-03-22,0,세종,41,3,0
2020-03-22,0,경기도,337,82,3
2020-03-22,0,강원도,30,13,1
2020-03-22,0,충청북도,35,9,0
2020-03-22,0,충청남도,120,39,0
2020-03-22,0,전라북도,10,7,0
2020-03-22,0,전라남도,6,3,0
2020-03-22,0,경상북도,1254,432,24
2020-03-22,0,경상남도,88,42,0
2020-03-22,0,제주도,4,3,0
2020-03-23,0,서울,330,64,0
2020-03-23,0,부산,109,71,1
2020-03-23,0,대구,6411,2305,82
2020-03-23,0,인천,40,8,0
2020-03-23,0,광주,19,10,0
2020-03-23,0,대전,24,6,0
2020-03-23,0,울산,36,17,0
2020-03-23,0,세종,42,3,0
2020-03-23,0,경기도,351,88,3
2020-03-23,0,강원도,30,14,1
2020-03-23,0,충청북도,37,9,0
2020-03-23,0,충청남도,120,44,0
2020-03-23,0,전라북도,10,7,0
2020-03-23,0,전라남도,6,3,0
2020-03-23,0,경상북도,1256,469,24
2020-03-23,0,경상남도,89,45,0
2020-03-23,0,제주도,4,3,0
2020-03-24,0,서울,334,72,0
2020-03-24,0,부산,111,71,1
2020-03-24,0,대구,6442,2571,88
2020-03-24,0,인천,41,8,0
2020-03-24,0,광주,19,11,0
2020-03-24,0,대전,24,6,0
2020-03-24,0,울산,36,18,0
2020-03-24,0,세종,42,3,0
2020-03-24,0,경기도,366,97,4
2020-03-24,0,강원도,30,14,1
2020-03-24,0,충청북도,38,11,0
2020-03-24,0,충청남도,120,56,0
2020-03-24,0,전라북도,10,7,0
2020-03-24,0,전라남도,6,3,0
2020-03-24,0,경상북도,1257,507,26
2020-03-24,0,경상남도,90,48,0
2020-03-24,0,제주도,4,4,0
2020-03-25,0,서울,347,72,0
2020-03-25,0,부산,112,73,1
2020-03-25,0,대구,6456,2740,92
2020-03-25,0,인천,42,10,0
2020-03-25,0,광주,19,11,0
2020-03-25,0,대전,24,6,0
2020-03-25,0,울산,37,19,0
2020-03-25,0,세종,44,3,0
2020-03-25,0,경기도,387,100,4
2020-03-25,0,강원도,31,15,1
2020-03-25,0,충청북도,38,13,0
2020-03-25,0,충청남도,123,65,0
2020-03-25,0,전라북도,10,7,0
2020-03-25,0,전라남도,8,3,0
2020-03-25,0,경상북도,1262,538,28
2020-03-25,0,경상남도,90,51,0
2020-03-25,0,제주도,6,4,0
2020-03-26,0,서울,360,80,0
2020-03-26,0,부산,112,75,2
2020-03-26,0,대구,6482,3039,94
2020-03-26,0,인천,43,11,0
2020-03-26,0,광주,19,11,0
2020-03-26,0,대전,30,6,0
2020-03-26,0,울산,37,20,0
2020-03-26,0,세종,44,8,0
2020-03-26,0,경기도,401,122,4
2020-03-26,0,강원도,31,18,1
2020-03-26,0,충청북도,39,14,0
2020-03-26,0,충청남도,124,68,0
2020-03-26,0,전라북도,10,7,0
2020-03-26,0,전라남도,8,3,0
2020-03-26,0,경상북도,1274,601,30
2020-03-26,0,경상남도,90,57,0
2020-03-26,0,제주도,6,4,0
2020-03-27,0,서울,372,89,0
2020-03-27,0,부산,113,81,2
2020-03-27,0,대구,6516,3324,98
2020-03-27,0,인천,46,13,0
2020-03-27,0,광주,20,11,0
2020-03-27,0,대전,31,9,0
2020-03-27,0,울산,39,20,0
2020-03-27,0,세종,44,9,0
2020-03-27,0,경기도,412,131,4
2020-03-27,0,강원도,31,20,1
2020-03-27,0,충청북도,41,17,0
2020-03-27,0,충청남도,124,78,0
2020-03-27,0,전라북도,10,7,0
2020-03-27,0,전라남도,8,3,0
2020-03-27,0,경상북도,1283,650,34
2020-03-27,0,경상남도,91,62,0
2020-03-27,0,제주도,7,4,0
2020-03-28,0,서울,390,93,0
2020-03-28,0,부산,114,81,2
2020-03-28,0,대구,6587,3543,101
2020-03-28,0,인천,51,14,0
2020-03-28,0,광주,20,11,0
2020-03-28,0,대전,31,10,0
2020-03-28,0,울산,39,19,0
2020-03-28,0,세종,44,9,0
2020-03-28,0,경기도,433,140,5
2020-03-28,0,강원도,32,20,1
2020-03-28,0,충청북도,41,21,0
2020-03-28,0,충청남도,126,81,0
2020-03-28,0,전라북도,10,7,0
2020-03-28,0,전라남도,8,3,0
2020-03-28,0,경상북도,1285,692,35
2020-03-28,0,경상남도,91,63,0
2020-03-28,0,제주도,8,4,0
2020-03-29,0,서울,410,93,0
2020-03-29,0,부산,117,85,3
2020-03-29,0,대구,6610,3706,106
2020-03-29,0,인천,58,15,0
2020-03-29,0,광주,20,11,0
2020-03-29,0,대전,34,14,0
2020-03-29,0,울산,39,19,0
2020-03-29,0,세종,46,11,0
2020-03-29,0,경기도,448,144,5
2020-03-29,0,강원도,34,21,1
2020-03-29,0,충청북도,41,21,0
2020-03-29,0,충청남도,127,83,0
2020-03-29,0,전라북도,12,7,0
2020-03-29,0,전라남도,9,3,0
2020-03-29,0,경상북도,1287,732,37
2020-03-29,0,경상남도,94,64,0
2020-03-29,0,제주도,8,4,0
2020-03-30,0,서울,426,92,0
2020-03-30,0,부산,118,87,3
2020-03-30,0,대구,6624,3837,111
2020-03-30,0,인천,58,15,0
2020-03-30,0,광주,20,13,0
2020-03-30,0,대전,34,17,0
2020-03-30,0,울산,39,19,0
2020-03-30,0,세종,46,12,0
2020-03-30,0,경기도,463,160,5
2020-03-30,0,강원도,36,21,1
2020-03-30,0,충청북도,44,21,0
2020-03-30,0,충청남도,127,83,0
2020-03-30,0,전라북도,13,7,0
2020-03-30,0,전라남도,9,3,0
2020-03-30,0,경상북도,1298,772,38
2020-03-30,0,경상남도,95,65,0
2020-03-30,0,제주도,9,4,0
2020-03-31,0,서울,450,107,0
2020-03-31,0,부산,119,87,3
2020-03-31,0,대구,6684,3946,114
2020-03-31,0,인천,64,16,0
2020-03-31,0,광주,20,14,0
2020-03-31,0,대전,36,18,0
2020-03-31,0,울산,39,19,0
2020-03-31,0,세종,46,12,0
2020-03-31,0,경기도,476,166,6
2020-03-31,0,강원도,36,23,1
2020-03-31,0,충청북도,44,22,0
2020-03-31,0,충청남도,128,90,0
2020-03-31,0,전라북도,13,7,0
2020-03-31,0,전라남도,9,3,0
2020-03-31,0,경상북도,1300,808,38
2020-03-31,0,경상남도,96,67,0
2020-03-31,0,제주도,9,3,0
2020-04-01,0,서울,474,117,0
2020-04-01,0,부산,122,87,3
2020-04-01,0,대구,6704,4070,115
2020-04-01,0,인천,69,19,0
2020-04-01,0,광주,24,14,0
2020-04-01,0,대전,36,18,0
2020-04-01,0,울산,39,20,1
2020-04-01,0,세종,46,12,0
2020-04-01,0,경기도,499,171,6
2020-04-01,0,강원도,38,23,1
2020-04-01,0,충청북도,44,23,0
2020-04-01,0,충청남도,131,91,0
2020-04-01,0,전라북도,14,7,0
2020-04-01,0,전라남도,12,3,0
2020-04-01,0,경상북도,1302,822,39
2020-04-01,0,경상남도,100,67,0
2020-04-01,0,제주도,9,3,0
2020-04-02,0,서울,488,127,0
2020-04-02,0,부산,122,87,3
2020-04-02,0,대구,6725,4283,117
2020-04-02,0,인천,73,20,0
2020-04-02,0,광주,25,14,0
2020-04-02,0,대전,36,18,0
2020-04-02,0,울산,40,21,1
2020-04-02,0,세종,46,12,0
2020-04-02,0,경기도,516,181,6
2020-04-02,0,강원도,39,23,1
2020-04-02,0,충청북도,44,23,0
2020-04-02,0,충청남도,133,95,0
2020-04-02,0,전라북도,14,7,0
2020-04-02,0,전라남도,14,3,0
2020-04-02,0,경상북도,1304,840,41
2020-04-02,0,경상남도,106,70,0
2020-04-02,0,제주도,9,3,0
2020-04-03,0,서울,506,131,0
2020-04-03,0,부산,122,88,3
2020-04-03,0,대구,6734,4434,121
2020-04-03,0,인천,74,21,0
2020-04-03,0,광주,26,15,0
2020-04-03,0,대전,36,18,0
2020-04-03,0,울산,40,21,1
2020-04-03,0,세종,46,12,0
2020-04-03,0,경기도,539,186,6
2020-04-03,0,강원도,41,23,1
2020-04-03,0,충청북도,45,25,0
2020-04-03,0,충청남도,134,97,0
2020-04-03,0,전라북도,15,7,0
2020-04-03,0,전라남도,15,3,0
2020-04-03,0,경상북도,1309,865,42
2020-04-03,0,경상남도,107,71,0
2020-04-03,0,제주도,9,3,0
2020-04-04,0,서울,528,144,0
2020-04-04,0,부산,122,90,3
2020-04-04,0,대구,6761,4673,122
2020-04-04,0,인천,77,22,0
2020-04-04,0,광주,26,15,0
2020-04-04,0,대전,36,18,0
2020-04-04,0,울산,40,24,1
2020-04-04,0,세종,46,15,0
2020-04-04,0,경기도,562,200,6
2020-04-04,0,강원도,42,23,1
2020-04-04,0,충청북도,45,27,0
2020-04-04,0,충청남도,135,102,0
2020-04-04,0,전라북도,15,7,0
2020-04-04,0,전라남도,15,4,0
2020-04-04,0,경상북도,1310,881,44
2020-04-04,0,경상남도,108,75,0
2020-04-04,0,제주도,9,4,0
2020-04-05,0,서울,552,145,0
2020-04-05,0,부산,122,90,3
2020-04-05,0,대구,6768,4773,127
2020-04-05,0,인천,79,25,0
2020-04-05,0,광주,27,15,0
2020-04-05,0,대전,37,18,0
2020-04-05,0,울산,40,27,1
2020-04-05,0,세종,46,15,0
2020-04-05,0,경기도,572,208,7
2020-04-05,0,강원도,45,24,1
2020-04-05,0,충청북도,45,28,0
2020-04-05,0,충청남도,135,102,0
2020-04-05,0,전라북도,16,7,0
2020-04-05,0,전라남도,15,4,0
2020-04-05,0,경상북도,1314,899,44
2020-04-05,0,경상남도,109,77,0
2020-04-05,0,제주도,12,4,0
2020-04-06,0,서울,563,151,0
2020-04-06,0,부산,122,91,3
2020-04-06,0,대구,6781,4865,129
2020-04-06,0,인천,80,27,0
2020-04-06,0,광주,27,15,0
2020-04-06,0,대전,39,19,0
2020-04-06,0,울산,40,27,1
2020-04-06,0,세종,46,17,0
2020-04-06,0,경기도,580,213,7
2020-04-06,0,강원도,45,23,1
2020-04-06,0,충청북도,45,29,0
2020-04-06,0,충청남도,136,102,0
2020-04-06,0,전라북도,16,7,0
2020-04-06,0,전라남도,15,4,0
2020-04-06,0,경상북도,1316,922,45
2020-04-06,0,경상남도,111,80,0
2020-04-06,0,제주도,12,4,0
2020-04-07,0,서울,567,164,0
2020-04-07,0,부산,123,91,3
2020-04-07,0,대구,6794,4918,134
2020-04-07,0,인천,80,27,0
2020-04-07,0,광주,27,15,0
2020-04-07,0,대전,39,20,0
2020-04-07,0,울산,40,28,1
2020-04-07,0,세종,46,17,0
2020-04-07,0,경기도,590,226,7
2020-04-07,0,강원도,47,24,1
2020-04-07,0,충청북도,45,29,0
2020-04-07,0,충청남도,137,104,0
2020-04-07,0,전라북도,16,7,0
2020-04-07,0,전라남도,15,4,0
2020-04-07,0,경상북도,1317,934,46
2020-04-07,0,경상남도,112,80,0
2020-04-07,0,제주도,12,4,0
2020-04-08,0,서울,578,169,2
2020-04-08,0,부산,125,94,3
2020-04-08,0,대구,6803,4961,137
2020-04-08,0,인천,84,27,0
2020-04-08,0,광주,27,15,0
2020-04-08,0,대전,39,20,0
2020-04-08,0,울산,40,28,1
2020-04-08,0,세종,46,14,0
2020-04-08,0,경기도,596,237,10
2020-04-08,0,강원도,49,24,1
2020-04-08,0,충청북도,45,29,0
2020-04-08,0,충청남도,137,106,0
2020-04-08,0,전라북도,17,7,0
2020-04-08,0,전라남도,15,4,0
2020-04-08,0,경상북도,1320,954,46
2020-04-08,0,경상남도,113,80,0
2020-04-08,0,제주도,12,4,0
2020-04-09,0,서울,590,174,2
2020-04-09,0,부산,125,97,3
2020-04-09,0,대구,6807,5106,139
2020-04-09,0,인천,84,31,0
2020-04-09,0,광주,27,15,0
2020-04-09,0,대전,39,20,0
2020-04-09,0,울산,40,28,1
2020-04-09,0,세종,46,16,0
2020-04-09,0,경기도,606,259,11
2020-04-09,0,강원도,49,24,1
2020-04-09,0,충청북도,45,30,0
2020-04-09,0,충청남도,138,105,0
2020-04-09,0,전라북도,17,7,0
2020-04-09,0,전라남도,15,4,0
2020-04-09,0,경상북도,1320,968,47
2020-04-09,0,경상남도,115,82,0
2020-04-09,0,제주도,12,4,0
2020-04-10,0,서울,595,185,2
2020-04-10,0,부산,126,98,3
2020-04-10,0,대구,6807,5193,142
2020-04-10,0,인천,85,34,0
2020-04-10,0,광주,27,15,0
2020-04-10,0,대전,39,21,0
2020-04-10,0,울산,40,28,1
2020-04-10,0,세종,46,20,0
2020-04-10,0,경기도,615,269,11
2020-04-10,0,강원도,49,26,1
2020-04-10,0,충청북도,45,28,0
2020-04-10,0,충청남도,138,105,0
2020-04-10,0,전라북도,17,8,0
2020-04-10,0,전라남도,15,4,0
2020-04-10,0,경상북도,1327,994,48
2020-04-10,0,경상남도,115,82,0
2020-04-10,0,제주도,12,4,0
2020-04-11,0,서울,599,195,2
2020-04-11,0,부산,126,100,3
2020-04-11,0,대구,6814,5271,145
2020-04-11,0,인천,85,35,0
2020-04-11,0,광주,27,17,0
2020-04-11,0,대전,39,22,0
2020-04-11,0,울산,41,30,1
2020-04-11,0,세종,46,20,0
2020-04-11,0,경기도,624,286,11
2020-04-11,0,강원도,49,26,1
2020-04-11,0,충청북도,45,28,0
2020-04-11,0,충청남도,138,106,0
2020-04-11,0,전라북도,17,8,0
2020-04-11,0,전라남도,15,5,0
2020-04-11,0,경상북도,1330,1004,48
2020-04-11,0,경상남도,115,83,0
2020-04-11,0,제주도,12,4,0
2020-04-12,0,서울,602,202,2
2020-04-12,0,부산,126,103,3
2020-04-12,0,대구,6816,5356,146
2020-04-12,0,인천,86,38,0
2020-04-12,0,광주,27,19,0
2020-04-12,0,대전,39,23,0
2020-04-12,0,울산,41,32,1
2020-04-12,0,세종,46,22,0
2020-04-12,0,경기도,628,292,12
2020-04-12,0,강원도,49,27,1
2020-04-12,0,충청북도,45,29,0
2020-04-12,0,충청남도,139,108,0
2020-04-12,0,전라북도,17,8,0
2020-04-12,0,전라남도,15,5,0
2020-04-12,0,경상북도,1333,1013,49
2020-04-12,0,경상남도,115,84,0
2020-04-12,0,제주도,12,4,0
2020-04-13,0,서울,610,214,2
2020-04-13,0,부산,126,103,3
2020-04-13,0,대구,6819,5395,147
2020-04-13,0,인천,87,39,0
2020-04-13,0,광주,27,19,0
2020-04-13,0,대전,39,23,0
2020-04-13,0,울산,41,33,1
2020-04-13,0,세종,46,22,0
2020-04-13,0,경기도,631,305,13
2020-04-13,0,강원도,49,28,1
2020-04-13,0,충청북도,45,31,0
2020-04-13,0,충청남도,139,109,0
2020-04-13,0,전라북도,17,8,0
2020-04-13,0,전라남도,15,6,0
2020-04-13,0,경상북도,1337,1020,50
2020-04-13,0,경상남도,115,84,0
2020-04-13,0,제주도,12,5,0
2020-04-14,0,서울,612,228,2
2020-04-14,0,부산,126,103,3
2020-04-14,0,대구,6822,5440,152
2020-04-14,0,인천,88,42,0
2020-04-14,0,광주,27,21,0
2020-04-14,0,대전,39,24,0
2020-04-14,0,울산,42,33,1
2020-04-14,0,세종,46,21,0
2020-04-14,0,경기도,639,313,13
2020-04-14,0,강원도,49,29,1
2020-04-14,0,충청북도,45,31,0
2020-04-14,0,충청남도,139,113,0
2020-04-14,0,전라북도,17,8,0
2020-04-14,0,전라남도,15,6,0
2020-04-14,0,경상북도,1342,1029,50
2020-04-14,0,경상남도,115,84,0
2020-04-14,0,제주도,12,5,0
2020-04-15,0,서울,617,239,2
2020-04-15,0,부산,127,107,3
2020-04-15,0,대구,6823,5486,155
2020-04-15,0,인천,88,48,0
2020-04-15,0,광주,28,21,0
2020-04-15,0,대전,39,24,0
2020-04-15,0,울산,42,33,1
2020-04-15,0,세종,46,21,0
2020-04-15,0,경기도,645,322,13
2020-04-15,0,강원도,51,27,1
2020-04-15,0,충청북도,45,31,0
2020-04-15,0,충청남도,139,114,0
2020-04-15,0,전라북도,17,8,0
2020-04-15,0,전라남도,15,7,0
2020-04-15,0,경상북도,1348,1035,50
2020-04-15,0,경상남도,115,84,0
2020-04-15,0,제주도,13,5,0
2020-04-16,0,서울,619,250,2
2020-04-16,0,부산,130,111,3
2020-04-16,0,대구,6827,5586,158
2020-04-16,0,인천,88,51,0
2020-04-16,0,광주,28,22,0
2020-04-16,0,대전,39,25,0
2020-04-16,0,울산,42,34,1
2020-04-16,0,세종,46,21,0
2020-04-16,0,경기도,649,330,14
2020-04-16,0,강원도,52,27,1
2020-04-16,0,충청북도,45,34,0
2020-04-16,0,충청남도,139,115,0
2020-04-16,0,전라북도,17,9,0
2020-04-16,0,전라남도,15,7,0
2020-04-16,0,경상북도,1352,1044,50
2020-04-16,0,경상남도,115,82,0
2020-04-16,0,제주도,13,5,0
2020-04-17,0,서울,621,268,2
2020-04-17,0,부산,130,112,3
2020-04-17,0,대구,6827,5626,159
2020-04-17,0,인천,89,51,0
2020-04-17,0,광주,30,22,0
2020-04-17,0,대전,40,25,0
2020-04-17,0,울산,42,34,1
2020-04-17,0,세종,46,24,0
2020-04-17,0,경기도,650,340,14
2020-04-17,0,강원도,52,28,1
2020-04-17,0,충청북도,45,37,0
2020-04-17,0,충청남도,139,115,0
2020-04-17,0,전라북도,17,9,0
2020-04-17,0,전라남도,15,7,0
2020-04-17,0,경상북도,1356,1037,50
2020-04-17,0,경상남도,115,84,0
2020-04-17,0,제주도,13,5,0
2020-04-18,0,서울,622,274,2
2020-04-18,0,부산,130,112,3
2020-04-18,0,대구,6830,5685,160
2020-04-18,0,인천,90,55,0
2020-04-18,0,광주,30,22,0
2020-04-18,0,대전,39,25,0
2020-04-18,0,울산,42,34,1
2020-04-18,0,세종,46,25,0
2020-04-18,0,경기도,654,361,14
2020-04-18,0,강원도,53,28,1
2020-04-18,0,충청북도,45,38,0
2020-04-18,0,충청남도,141,119,0
2020-04-18,0,전라북도,17,9,0
2020-04-18,0,전라남도,15,7,0
2020-04-18,0,경상북도,1358,1046,51
2020-04-18,0,경상남도,116,84,0
2020-04-18,0,제주도,13,6,0
2020-04-19,0,서울,624,288,2
2020-04-19,0,부산,130,115,3
2020-04-19,0,대구,6832,5743,161
2020-04-19,0,인천,91,55,0
2020-04-19,0,광주,30,22,0
2020-04-19,0,대전,39,25,0
2020-04-19,0,울산,42,34,1
2020-04-19,0,세종,46,29,0
2020-04-19,0,경기도,654,370,14
2020-04-19,0,강원도,53,28,2
2020-04-19,0,충청북도,45,38,0
2020-04-19,0,충청남도,141,122,0
2020-04-19,0,전라북도,17,9,0
2020-04-19,0,전라남도,15,8,0
2020-04-19,0,경상북도,1359,1057,51
2020-04-19,0,경상남도,116,85,0
2020-04-19,0,제주도,13,6,0
2020-04-20,0,서울,624,304,2
2020-04-20,0,부산,132,115,3
2020-04-20,0,대구,6833,5769,163
2020-04-20,0,인천,92,56,0
2020-04-20,0,광주,30,22,0
2020-04-20,0,대전,39,26,0
2020-04-20,0,울산,43,34,1
2020-04-20,0,세종,46,29,0
2020-04-20,0,경기도,656,387,14
2020-04-20,0,강원도,53,28,2
2020-04-20,0,충청북도,45,38,0
2020-04-20,0,충청남도,141,122,0
2020-04-20,0,전라북도,17,9,0
2020-04-20,0,전라남도,15,8,0
2020-04-20,0,경상북도,1361,1064,51
2020-04-20,0,경상남도,116,87,0
2020-04-20,0,제주도,13,6,0
2020-04-21,0,서울,626,315,2
2020-04-21,0,부산,132,115,3
2020-04-21,0,대구,6835,5793,164
2020-04-21,0,인천,92,56,0
2020-04-21,0,광주,30,22,0
2020-04-21,0,대전,39,26,0
2020-04-21,0,울산,43,35,1
2020-04-21,0,세종,46,29,0
2020-04-21,0,경기도,658,398,14
2020-04-21,0,강원도,53,30,2
2020-04-21,0,충청북도,45,39,0
2020-04-21,0,충청남도,141,123,0
2020-04-21,0,전라북도,17,9,0
2020-04-21,0,전라남도,15,8,0
2020-04-21,0,경상북도,1361,1072,51
2020-04-21,0,경상남도,116,88,0
2020-04-21,0,제주도,13,6,0
2020-04-22,0,서울,628,322,2
2020-04-22,0,부산,134,115,3
2020-04-22,0,대구,6836,5827,165
2020-04-22,0,인천,92,57,0
2020-04-22,0,광주,30,22,0
2020-04-22,0,대전,40,27,0
2020-04-22,0,울산,43,35,1
2020-04-22,0,세종,46,33,0
2020-04-22,0,경기도,658,404,14
2020-04-22,0,강원도,53,31,2
2020-04-22,0,충청북도,45,39,0
2020-04-22,0,충청남도,141,122,0
2020-04-22,0,전라북도,17,9,0
2020-04-22,0,전라남도,15,8,0
2020-04-22,0,경상북도,1363,1079,51
2020-04-22,0,경상남도,117,89,0
2020-04-22,0,제주도,13,8,0
2020-04-23,0,서울,628,342,2
2020-04-23,0,부산,135,116,3
2020-04-23,0,대구,6840,5890,166
2020-04-23,0,인천,92,56,0
2020-04-23,0,광주,30,24,0
2020-04-23,0,대전,40,29,0
2020-04-23,0,울산,43,36,1
2020-04-23,0,세종,46,34,0
2020-04-23,0,경기도,659,424,14
2020-04-23,0,강원도,53,31,2
2020-04-23,0,충청북도,45,40,0
2020-04-23,0,충청남도,141,123,0
2020-04-23,0,전라북도,17,9,0
2020-04-23,0,전라남도,15,8,0
2020-04-23,0,경상북도,1363,1091,52
2020-04-23,0,경상남도,117,89,0
2020-04-23,0,제주도,13,8,0
2020-04-24,0,서울,628,362,2
2020-04-24,0,부산,136,116,3
2020-04-24,0,대구,6842,5931,166
2020-04-24,0,인천,92,54,0
2020-04-24,0,광주,30,24,0
2020-04-24,0,대전,40,30,0
2020-04-24,0,울산,43,36,1
2020-04-24,0,세종,46,34,0
2020-04-24,0,경기도,660,441,14
2020-04-24,0,강원도,53,31,2
2020-04-24,0,충청북도,45,40,0
2020-04-24,0,충청남도,141,123,0
2020-04-24,0,전라북도,17,11,0
2020-04-24,0,전라남도,15,8,0
2020-04-24,0,경상북도,1364,1097,52
2020-04-24,0,경상남도,117,91,0
2020-04-24,0,제주도,13,8,0
2020-04-25,0,서울,629,383,2
2020-04-25,0,부산,136,116,3
2020-04-25,0,대구,6845,5974,166
2020-04-25,0,인천,92,55,0
2020-04-25,0,광주,30,25,0
2020-04-25,0,대전,40,32,0
2020-04-25,0,울산,43,36,1
2020-04-25,0,세종,46,35,0
2020-04-25,0,경기도,662,448,14
2020-04-25,0,강원도,53,32,2
2020-04-25,0,충청북도,45,40,0
2020-04-25,0,충청남도,141,123,0
2020-04-25,0,전라북도,17,10,0
2020-04-25,0,전라남도,15,8,0
2020-04-25,0,경상북도,1364,1104,52
2020-04-25,0,경상남도,117,91,0
2020-04-25,0,제주도,13,8,0
2020-04-26,0,서울,629,388,2
2020-04-26,0,부산,137,116,3
2020-04-26,0,대구,6846,6018,168
2020-04-26,0,인천,92,57,0
2020-04-26,0,광주,30,25,0
2020-04-26,0,대전,40,34,0
2020-04-26,0,울산,43,36,1
2020-04-26,0,세종,46,35,0
2020-04-26,0,경기도,668,463,14
2020-04-26,0,강원도,53,34,2
2020-04-26,0,충청북도,45,40,0
2020-04-26,0,충청남도,141,123,0
2020-04-26,0,전라북도,18,10,0
2020-04-26,0,전라남도,15,9,0
2020-04-26,0,경상북도,1364,1109,52
2020-04-26,0,경상남도,117,93,0
2020-04-26,0,제주도,13,7,0
2020-04-27,0,서울,629,393,2
2020-04-27,0,부산,137,117,3
2020-04-27,0,대구,6847,6040,169
2020-04-27,0,인천,92,58,0
2020-04-27,0,광주,30,25,0
2020-04-27,0,대전,40,34,0
2020-04-27,0,울산,43,36,1
2020-04-27,0,세종,46,35,0
2020-04-27,0,경기도,671,470,14
2020-04-27,0,강원도,53,35,2
2020-04-27,0,충청북도,45,40,0
2020-04-27,0,충청남도,142,123,0
2020-04-27,0,전라북도,18,10,0
2020-04-27,0,전라남도,15,9,0
2020-04-27,0,경상북도,1364,1114,52
2020-04-27,0,경상남도,117,94,0
2020-04-27,0,제주도,13,8,0
2020-04-28,0,서울,633,427,2
2020-04-28,0,부산,137,116,3
2020-04-28,0,대구,6849,6056,170
2020-04-28,0,인천,93,63,0
2020-04-28,0,광주,30,25,0
2020-04-28,0,대전,40,35,0
2020-04-28,0,울산,43,36,1
2020-04-28,0,세종,46,35,0
2020-04-28,0,경기도,674,475,14
2020-04-28,0,강원도,53,37,2
2020-04-28,0,충청북도,45,40,0
2020-04-28,0,충청남도,142,123,0
2020-04-28,0,전라북도,18,10,0
2020-04-28,0,전라남도,15,10,0
2020-04-28,0,경상북도,1365,1119,52
2020-04-28,0,경상남도,117,97,0
2020-04-28,0,제주도,13,7,0
2020-04-29,0,서울,633,437,2
2020-04-29,0,부산,137,116,3
2020-04-29,0,대구,6852,6075,171
2020-04-29,0,인천,93,66,0
2020-04-29,0,광주,30,26,0
2020-04-29,0,대전,40,35,0
2020-04-29,0,울산,43,37,1
2020-04-29,0,세종,46,36,0
2020-04-29,0,경기도,676,481,15
2020-04-29,0,강원도,53,37,2
2020-04-29,0,충청북도,45,40,0
2020-04-29,0,충청남도,143,123,0
2020-04-29,0,전라북도,18,10,0
2020-04-29,0,전라남도,15,10,0
2020-04-29,0,경상북도,1365,1133,52
2020-04-29,0,경상남도,117,97,0
2020-04-29,0,제주도,13,8,0
2020-04-30,0,서울,633,453,2
2020-04-30,0,부산,137,116,3
2020-04-30,0,대구,6852,6144,172
2020-04-30,0,인천,93,68,0
2020-04-30,0,광주,30,27,0
2020-04-30,0,대전,40,35,0
2020-04-30,0,울산,43,37,1
2020-04-30,0,세종,46,38,0
2020-04-30,0,경기도,676,486,15
2020-04-30,0,강원도,53,40,2
2020-04-30,0,충청북도,45,41,0
2020-04-30,0,충청남도,143,127,0
2020-04-30,0,전라북도,18,11,0
2020-04-30,0,전라남도,15,11,0
2020-04-30,0,경상북도,1365,1147,52
2020-04-30,0,경상남도,117,97,0
2020-04-30,0,제주도,13,8,0
2020-05-01,0,서울,634,455,2
2020-05-01,0,부산,137,116,3
2020-05-01,0,대구,6852,6144,172
2020-05-01,0,인천,94,69,0
2020-05-01,0,광주,30,27,0
2020-05-01,0,대전,40,35,0
2020-05-01,0,울산,43,37,1
2020-05-01,0,세종,46,39,0
2020-05-01,0,경기도,678,488,16
2020-05-01,0,강원도,53,40,2
2020-05-01,0,충청북도,45,41,0
2020-05-01,0,충청남도,143,128,0
2020-05-01,0,전라북도,18,12,0
2020-05-01,0,전라남도,15,12,0
2020-05-01,0,경상북도,1366,1149,52
2020-05-01,0,경상남도,117,98,0
2020-05-01,0,제주도,13,8,0
2020-05-02,0,서울,635,463,2
2020-05-02,0,부산,138,117,3
2020-05-02,0,대구,6852,6155,174
2020-05-02,0,인천,95,70,0
2020-05-02,0,광주,30,28,0
2020-05-02,0,대전,40,36,0
2020-05-02,0,울산,43,37,1
2020-05-02,0,세종,46,41,0
2020-05-02,0,경기도,678,498,16
2020-05-02,0,강원도,53,42,2
2020-05-02,0,충청북도,45,41,0
2020-05-02,0,충청남도,143,128,0
2020-05-02,0,전라북도,18,12,0
2020-05-02,0,전라남도,15,12,0
2020-05-02,0,경상북도,1366,1154,52
2020-05-02,0,경상남도,117,99,0
2020-05-02,0,제주도,13,8,0
2020-05-03,0,서울,637,473,2
2020-05-03,0,부산,138,117,3
2020-05-03,0,대구,6856,6167,174
2020-05-03,0,인천,95,72,0
2020-05-03,0,광주,30,28,0
2020-05-03,0,대전,40,36,0
2020-05-03,0,울산,43,37,1
2020-05-03,0,세종,46,42,0
2020-05-03,0,경기도,680,510,16
2020-05-03,0,강원도,53,43,2
2020-05-03,0,충청북도,45,42,0
2020-05-03,0,충청남도,143,128,0
2020-05-03,0,전라북도,18,12,0
2020-05-03,0,전라남도,15,12,0
2020-05-03,0,경상북도,1366,1165,52
2020-05-03,0,경상남도,117,100,0
2020-05-03,0,제주도,13,8,0
2020-05-04,0,서울,637,481,2
2020-05-04,0,부산,138,117,3
2020-05-04,0,대구,6856,6177,174
2020-05-04,0,인천,96,72,0
2020-05-04,0,광주,30,28,0
2020-05-04,0,대전,40,36,1
2020-05-04,0,울산,44,37,1
2020-05-04,0,세종,46,44,0
2020-05-04,0,경기도,681,515,16
2020-05-04,0,강원도,53,42,2
2020-05-04,0,충청북도,45,42,0
2020-05-04,0,충청남도,143,128,0
2020-05-04,0,전라북도,18,12,0
2020-05-04,0,전라남도,16,12,0
2020-05-04,0,경상북도,1366,1173,53
2020-05-04,0,경상남도,117,101,0
2020-05-04,0,제주도,13,8,0
2020-05-05,0,서울,637,489,2
2020-05-05,0,부산,138,117,3
2020-05-05,0,대구,6856,6199,176
2020-05-05,0,인천,97,71,0
2020-05-05,0,광주,30,28,0
2020-05-05,0,대전,40,36,1
2020-05-05,0,울산,44,38,1
2020-05-05,0,세종,46,45,0
2020-05-05,0,경기도,681,518,16
2020-05-05,0,강원도,53,42,2
2020-05-05,0,충청북도,45,42,0
2020-05-05,0,충청남도,143,128,0
2020-05-05,0,전라북도,18,12,0
2020-05-05,0,전라남도,16,12,0
2020-05-05,0,경상북도,1366,1186,53
2020-05-05,0,경상남도,117,102,0
2020-05-05,0,제주도,13,8,0
2020-05-06,0,서울,637,494,2
2020-05-06,0,부산,138,119,3
2020-05-06,0,대구,6856,6217,177
2020-05-06,0,인천,97,72,0
2020-05-06,0,광주,30,28,0
2020-05-06,0,대전,40,38,1
2020-05-06,0,울산,44,37,1
2020-05-06,0,세종,46,45,0
2020-05-06,0,경기도,681,525,16
2020-05-06,0,강원도,53,42,2
2020-05-06,0,충청북도,45,42,0
2020-05-06,0,충청남도,143,128,0
2020-05-06,0,전라북도,18,12,0
2020-05-06,0,전라남도,16,12,0
2020-05-06,0,경상북도,1366,1190,53
2020-05-06,0,경상남도,117,104,0
2020-05-06,0,제주도,13,12,0
2020-05-07,0,서울,637,508,2
2020-05-07,0,부산,138,120,3
2020-05-07,0,대구,6856,6249,178
2020-05-07,0,인천,97,72,0
2020-05-07,0,광주,30,28,0
2020-05-07,0,대전,41,38,1
2020-05-07,0,울산,44,37,1
2020-05-07,0,세종,46,45,0
2020-05-07,0,경기도,682,538,16
2020-05-07,0,강원도,53,42,2
2020-05-07,0,충청북도,46,42,0
2020-05-07,0,충청남도,143,128,0
2020-05-07,0,전라북도,18,14,0
2020-05-07,0,전라남도,16,12,0
2020-05-07,0,경상북도,1366,1198,53
2020-05-07,0,경상남도,117,105,0
2020-05-07,0,제주도,13,12,0
2020-05-08,0,서울,637,520,2
2020-05-08,0,부산,140,123,3
2020-05-08,0,대구,6859,6277,178
2020-05-08,0,인천,97,75,0
2020-05-08,0,광주,30,28,0
2020-05-08,0,대전,41,38,1
2020-05-08,0,울산,44,37,1
2020-05-08,0,세종,46,45,0
2020-05-08,0,경기도,684,538,16
2020-05-08,0,강원도,53,41,2
2020-05-08,0,충청북도,47,41,0
2020-05-08,0,충청남도,143,130,0
2020-05-08,0,전라북도,19,14,0
2020-05-08,0,전라남도,16,12,0
2020-05-08,0,경상북도,1366,1206,53
2020-05-08,0,경상남도,117,105,0
2020-05-08,0,제주도,13,12,0
2020-05-09,0,서울,649,536,2
2020-05-09,0,부산,141,125,3
2020-05-09,0,대구,6859,6306,178
2020-05-09,0,인천,98,78,0
2020-05-09,0,광주,30,29,0
2020-05-09,0,대전,41,38,1
2020-05-09,0,울산,44,38,1
2020-05-09,0,세종,46,45,0
2020-05-09,0,경기도,688,548,16
2020-05-09,0,강원도,53,41,2
2020-05-09,0,충청북도,47,41,0
2020-05-09,0,충청남도,143,133,0
2020-05-09,0,전라북도,19,14,0
2020-05-09,0,전라남도,16,12,0
2020-05-09,0,경상북도,1366,1215,53
2020-05-09,0,경상남도,117,107,0
2020-05-09,0,제주도,13,13,0
2020-05-10,0,서울,663,541,2
2020-05-10,0,부산,141,125,3
2020-05-10,0,대구,6861,6318,178
2020-05-10,0,인천,101,80,0
2020-05-10,0,광주,30,30,0
2020-05-10,0,대전,41,38,1
2020-05-10,0,울산,44,38,1
2020-05-10,0,세종,46,45,0
2020-05-10,0,경기도,694,556,16
2020-05-10,0,강원도,53,41,2
2020-05-10,0,충청북도,49,42,0
2020-05-10,0,충청남도,143,133,0
2020-05-10,0,전라북도,19,14,0
2020-05-10,0,전라남도,16,12,0
2020-05-10,0,경상북도,1366,1220,53
2020-05-10,0,경상남도,117,108,0
2020-05-10,0,제주도,14,13,0
2020-05-11,0,서울,683,545,2
2020-05-11,0,부산,141,125,3
2020-05-11,0,대구,6861,6318,178
2020-05-11,0,인천,104,82,0
2020-05-11,0,광주,30,30,0
2020-05-11,0,대전,41,38,1
2020-05-11,0,울산,44,38,1
2020-05-11,0,세종,47,45,0
2020-05-11,0,경기도,698,557,16
2020-05-11,0,강원도,54,41,2
2020-05-11,0,충청북도,52,42,0
2020-05-11,0,충청남도,143,134,0
2020-05-11,0,전라북도,19,14,0
2020-05-11,0,전라남도,16,12,0
2020-05-11,0,경상북도,1366,1228,53
2020-05-11,0,경상남도,117,110,0
2020-05-11,0,제주도,14,13,0
2020-05-12,0,서울,695,554,2
2020-05-12,0,부산,141,125,3
2020-05-12,0,대구,6862,6331,179
2020-05-12,0,인천,105,82,0
2020-05-12,0,광주,30,30,0
2020-05-12,0,대전,43,38,1
2020-05-12,0,울산,44,40,1
2020-05-12,0,세종,47,45,0
2020-05-12,0,경기도,706,559,16
2020-05-12,0,강원도,54,41,2
2020-05-12,0,충청북도,52,42,0
2020-05-12,0,충청남도,143,136,0
2020-05-12,0,전라북도,19,14,0
2020-05-12,0,전라남도,16,12,0
2020-05-12,0,경상북도,1367,1230,54
2020-05-12,0,경상남도,118,112,0
2020-05-12,0,제주도,14,12,0
2020-05-13,0,서울,707,558,3
2020-05-13,0,부산,144,126,3
2020-05-13,0,대구,6865,6322,179
2020-05-13,0,인천,107,86,0
2020-05-13,0,광주,30,30,0
2020-05-13,0,대전,43,38,1
2020-05-13,0,울산,45,41,1
2020-05-13,0,세종,47,46,0
2020-05-13,0,경기도,708,563,16
2020-05-13,0,강원도,54,42,2
2020-05-13,0,충청북도,52,43,0
2020-05-13,0,충청남도,143,138,0
2020-05-13,0,전라북도,20,14,0
2020-05-13,0,전라남도,16,12,0
2020-05-13,0,경상북도,1367,1231,54
2020-05-13,0,경상남도,119,113,0
2020-05-13,0,제주도,14,12,0
2020-05-14,0,서울,711,564,4
2020-05-14,0,부산,144,127,3
2020-05-14,0,대구,6865,6349,179
2020-05-14,0,인천,119,85,0
2020-05-14,0,광주,30,30,0
2020-05-14,0,대전,43,39,1
2020-05-14,0,울산,45,41,1
2020-05-14,0,세종,47,46,0
2020-05-14,0,경기도,714,577,16
2020-05-14,0,강원도,55,43,2
2020-05-14,0,충청북도,55,43,0
2020-05-14,0,충청남도,144,138,0
2020-05-14,0,전라북도,20,14,0
2020-05-14,0,전라남도,17,13,0
2020-05-14,0,경상북도,1368,1237,54
2020-05-14,0,경상남도,119,114,0
2020-05-14,0,제주도,14,12,0
2020-05-15,0,서울,725,569,4
2020-05-15,0,부산,144,127,3
2020-05-15,0,대구,6868,6366,179
2020-05-15,0,인천,124,85,0
2020-05-15,0,광주,30,30,0
2020-05-15,0,대전,43,39,1
2020-05-15,0,울산,45,39,1
2020-05-15,0,세종,47,47,0
2020-05-15,0,경기도,717,583,16
2020-05-15,0,강원도,55,44,2
2020-05-15,0,충청북도,55,43,0
2020-05-15,0,충청남도,144,139,0
2020-05-15,0,전라북도,20,14,0
2020-05-15,0,전라남도,18,13,0
2020-05-15,0,경상북도,1368,1245,54
2020-05-15,0,경상남도,119,115,0
2020-05-15,0,제주도,14,12,0
2020-05-16,0,서울,730,574,4
2020-05-16,0,부산,144,130,3
2020-05-16,0,대구,6869,6367,181
2020-05-16,0,인천,124,85,0
2020-05-16,0,광주,30,30,0
2020-05-16,0,대전,43,39,1
2020-05-16,0,울산,45,40,1
2020-05-16,0,세종,47,47,0
2020-05-16,0,경기도,721,587,16
2020-05-16,0,강원도,55,45,2
2020-05-16,0,충청북도,56,43,0
2020-05-16,0,충청남도,144,139,0
2020-05-16,0,전라북도,20,16,0
2020-05-16,0,전라남도,18,13,0
2020-05-16,0,경상북도,1368,1253,54
2020-05-16,0,경상남도,119,116,0
2020-05-16,0,제주도,14,11,0
2020-05-17,0,서울,735,575,4
2020-05-17,0,부산,144,130,3
2020-05-17,0,대구,6870,6376,181
2020-05-17,0,인천,124,85,0
2020-05-17,0,광주,30,30,0
2020-05-17,0,대전,44,39,1
2020-05-17,0,울산,45,41,1
2020-05-17,0,세종,47,47,0
2020-05-17,0,경기도,721,598,16
2020-05-17,0,강원도,55,45,2
2020-05-17,0,충청북도,56,43,0
2020-05-17,0,충청남도,144,140,0
2020-05-17,0,전라북도,20,16,0
2020-05-17,0,전라남도,18,13,0
2020-05-17,0,경상북도,1368,1254,54
2020-05-17,0,경상남도,121,116,0
2020-05-17,0,제주도,14,11,0
2020-05-18,0,서울,736,579,4
2020-05-18,0,부산,144,130,3
2020-05-18,0,대구,6871,6376,182
2020-05-18,0,인천,124,86,0
2020-05-18,0,광주,30,30,0
2020-05-18,0,대전,44,39,1
2020-05-18,0,울산,45,41,1
2020-05-18,0,세종,47,47,0
2020-05-18,0,경기도,724,600,16
2020-05-18,0,강원도,55,46,2
2020-05-18,0,충청북도,59,43,0
2020-05-18,0,충청남도,144,140,0
2020-05-18,0,전라북도,20,18,0
2020-05-18,0,전라남도,18,14,0
2020-05-18,0,경상북도,1368,1257,54
2020-05-18,0,경상남도,121,116,0
2020-05-18,0,제주도,14,11,0
2020-05-19,0,서울,742,587,4
2020-05-19,0,부산,144,130,3
2020-05-19,0,대구,6871,6389,182
2020-05-19,0,인천,126,87,0
2020-05-19,0,광주,30,30,0
2020-05-19,0,대전,44,39,1
2020-05-19,0,울산,49,41,1
2020-05-19,0,세종,47,46,0
2020-05-19,0,경기도,725,602,16
2020-05-19,0,강원도,55,46,2
2020-05-19,0,충청북도,59,43,0
2020-05-19,0,충청남도,144,140,0
2020-05-19,0,전라북도,20,19,0
2020-05-19,0,전라남도,18,13,0
2020-05-19,0,경상북도,1368,1261,54
2020-05-19,0,경상남도,121,115,0
2020-05-19,0,제주도,14,11,0
2020-05-20,0,서울,752,592,4
2020-05-20,0,부산,144,131,3
2020-05-20,0,대구,6872,6471,182
2020-05-20,0,인천,134,88,0
2020-05-20,0,광주,30,30,0
2020-05-20,0,대전,44,39,1
2020-05-20,0,울산,49,42,1
2020-05-20,0,세종,47,47,0
2020-05-20,0,경기도,735,611,16
2020-05-20,0,강원도,55,47,2
2020-05-20,0,충청북도,59,44,0
2020-05-20,0,충청남도,144,141,0
2020-05-20,0,전라북도,21,19,0
2020-05-20,0,전라남도,18,14,0
2020-05-20,0,경상북도,1368,1271,54
2020-05-20,0,경상남도,121,117,0
2020-05-20,0,제주도,14,13,0
2020-05-21,0,서울,756,596,4
2020-05-21,0,부산,144,131,3
2020-05-21,0,대구,6872,6498,182
2020-05-21,0,인천,140,89,0
2020-05-21,0,광주,30,30,0
2020-05-21,0,대전,44,39,1
2020-05-21,0,울산,49,42,1
2020-05-21,0,세종,47,47,0
2020-05-21,0,경기도,735,631,17
2020-05-21,0,강원도,55,47,2
2020-05-21,0,충청북도,59,44,0
2020-05-21,0,충청남도,145,141,0
2020-05-21,0,전라북도,21,19,0
2020-05-21,0,전라남도,18,16,0
2020-05-21,0,경상북도,1368,1272,54
2020-05-21,0,경상남도,121,117,0
2020-05-21,0,제주도,14,13,0
2020-05-22,0,서울,758,599,4
2020-05-22,0,부산,144,131,3
2020-05-22,0,대구,6872,6505,182
2020-05-22,0,인천,141,90,0
2020-05-22,0,광주,30,30,0
2020-05-22,0,대전,44,39,1
2020-05-22,0,울산,50,42,1
2020-05-22,0,세종,47,47,0
2020-05-22,0,경기도,741,633,17
2020-05-22,0,강원도,55,47,2
2020-05-22,0,충청북도,59,44,0
2020-05-22,0,충청남도,145,141,0
2020-05-22,0,전라북도,21,19,0
2020-05-22,0,전라남도,18,16,0
2020-05-22,0,경상북도,1370,1276,54
2020-05-22,0,경상남도,122,117,0
2020-05-22,0,제주도,14,13,0
2020-05-23,0,서울,762,604,4
2020-05-23,0,부산,144,131,3
2020-05-23,0,대구,6873,6516,183
2020-05-23,0,인천,141,91,0
2020-05-23,0,광주,30,30,0
2020-05-23,0,대전,45,40,1
2020-05-23,0,울산,50,42,1
2020-05-23,0,세종,47,47,0
2020-05-23,0,경기도,754,636,18
2020-05-23,0,강원도,55,47,2
2020-05-23,0,충청북도,59,45,0
2020-05-23,0,충청남도,145,141,0
2020-05-23,0,전라북도,21,19,0
2020-05-23,0,전라남도,18,16,0
2020-05-23,0,경상북도,1370,1278,54
2020-05-23,0,경상남도,123,117,0
2020-05-23,0,제주도,14,13,0
2020-05-24,0,서울,768,604,4
2020-05-24,0,부산,144,131,3
2020-05-24,0,대구,6873,6518,183
2020-05-24,0,인천,143,92,0
2020-05-24,0,광주,30,30,0
2020-05-24,0,대전,45,40,1
2020-05-24,0,울산,50,42,1
2020-05-24,0,세종,47,47,0
2020-05-24,0,경기도,760,643,18
2020-05-24,0,강원도,56,47,2
2020-05-24,0,충청북도,59,46,0
2020-05-24,0,충청남도,145,141,0
2020-05-24,0,전라북도,21,19,0
2020-05-24,0,전라남도,18,17,0
2020-05-24,0,경상북도,1376,1281,54
2020-05-24,0,경상남도,123,117,0
2020-05-24,0,제주도,14,13,0
2020-05-25,0,서울,774,607,4
2020-05-25,0,부산,144,131,3
2020-05-25,0,대구,6874,6519,183
2020-05-25,0,인천,144,92,0
2020-05-25,0,광주,30,30,0
2020-05-25,0,대전,45,40,1
2020-05-25,0,울산,50,42,1
2020-05-25,0,세종,47,47,0
2020-05-25,0,경기도,766,644,19
2020-05-25,0,강원도,56,48,2
2020-05-25,0,충청북도,59,46,0
2020-05-25,0,충청남도,145,141,0
2020-05-25,0,전라북도,21,19,0
2020-05-25,0,전라남도,18,17,0
2020-05-25,0,경상북도,1377,1285,54
2020-05-25,0,경상남도,123,119,0
2020-05-25,0,제주도,14,13,0
2020-05-26,0,서울,783,614,4
2020-05-26,0,부산,144,131,3
2020-05-26,0,대구,6875,6553,184
2020-05-26,0,인천,147,93,0
2020-05-26,0,광주,30,30,0
2020-05-26,0,대전,45,40,1
2020-05-26,0,울산,50,42,1
2020-05-26,0,세종,47,47,0
2020-05-26,0,경기도,768,645,19
2020-05-26,0,강원도,56,48,3
2020-05-26,0,충청북도,60,46,0
2020-05-26,0,충청남도,145,141,0
2020-05-26,0,전라북도,21,19,0
2020-05-26,0,전라남도,18,17,0
2020-05-26,0,경상북도,1378,1286,54
2020-05-26,0,경상남도,123,119,0
2020-05-26,0,제주도,14,13,0
2020-05-27,0,서울,802,618,4
2020-05-27,0,부산,144,135,3
2020-05-27,0,대구,6878,6557,184
2020-05-27,0,인천,158,93,0
2020-05-27,0,광주,30,30,0
2020-05-27,0,대전,45,40,1
2020-05-27,0,울산,50,42,1
2020-05-27,0,세종,47,47,0
2020-05-27,0,경기도,774,646,19
2020-05-27,0,강원도,56,48,3
2020-05-27,0,충청북도,60,46,0
2020-05-27,0,충청남도,145,141,0
2020-05-27,0,전라북도,21,19,0
2020-05-27,0,전라남도,18,17,0
2020-05-27,0,경상북도,1378,1287,54
2020-05-27,0,경상남도,123,119,0
2020-05-27,0,제주도,14,13,0
2020-05-28,0,서울,826,621,4
2020-05-28,0,부산,145,136,3
2020-05-28,0,대구,6880,6576,184
2020-05-28,0,인천,180,93,0
2020-05-28,0,광주,30,30,0
2020-05-28,0,대전,45,40,1
2020-05-28,0,울산,50,44,1
2020-05-28,0,세종,47,47,0
2020-05-28,0,경기도,795,646,19
2020-05-28,0,강원도,56,49,3
2020-05-28,0,충청북도,60,46,0
2020-05-28,0,충청남도,146,141,0
2020-05-28,0,전라북도,21,19,0
2020-05-28,0,전라남도,18,17,0
2020-05-28,0,경상북도,1379,1291,54
2020-05-28,0,경상남도,123,119,0
2020-05-28,0,제주도,14,13,0
2020-05-29,0,서울,846,623,4
2020-05-29,0,부산,145,136,3
2020-05-29,0,대구,6880,6587,184
2020-05-29,0,인천,198,93,0
2020-05-29,0,광주,30,30,0
2020-05-29,0,대전,45,42,1
2020-05-29,0,울산,50,44,1
2020-05-29,0,세종,47,47,0
2020-05-29,0,경기도,815,647,19
2020-05-29,0,강원도,56,50,3
2020-05-29,0,충청북도,60,46,0
2020-05-29,0,충청남도,146,141,0
2020-05-29,0,전라북도,21,19,0
2020-05-29,0,전라남도,18,17,0
2020-05-29,0,경상북도,1379,1293,54
2020-05-29,0,경상남도,123,119,0
2020-05-29,0,제주도,14,13,0
2020-05-30,0,서울,855,627,4
2020-05-30,0,부산,146,138,3
2020-05-30,0,대구,6882,6606,184
2020-05-30,0,인천,203,94,0
2020-05-30,0,광주,32,30,0
2020-05-30,0,대전,45,42,1
2020-05-30,0,울산,50,44,1
2020-05-30,0,세종,47,47,0
2020-05-30,0,경기도,828,648,19
2020-05-30,0,강원도,57,50,3
2020-05-30,0,충청북도,60,49,0
2020-05-30,0,충청남도,146,142,0
2020-05-30,0,전라북도,21,19,0
2020-05-30,0,전라남도,19,17,0
2020-05-30,0,경상북도,1379,1294,54
2020-05-30,0,경상남도,123,120,0
2020-05-30,0,제주도,14,13,0
2020-05-31,0,서울,861,627,4
2020-05-31,0,부산,147,138,3
2020-05-31,0,대구,6883,6607,185
2020-05-31,0,인천,206,94,0
2020-05-31,0,광주,32,30,0
2020-05-31,0,대전,46,42,1
2020-05-31,0,울산,52,45,1
2020-05-31,0,세종,47,47,0
2020-05-31,0,경기도,840,650,19
2020-05-31,0,강원도,57,50,3
2020-05-31,0,충청북도,60,49,0
2020-05-31,0,충청남도,146,142,0
2020-05-31,0,전라북도,21,19,0
2020-05-31,0,전라남도,19,17,0
2020-05-31,0,경상북도,1379,1295,54
2020-05-31,0,경상남도,123,121,0
2020-05-31,0,제주도,15,13,0
2020-06-01,0,서울,862,627,4
2020-06-01,0,부산,147,138,3
2020-06-01,0,대구,6884,6610,186
2020-06-01,0,인천,224,98,0
2020-06-01,0,광주,32,30,0
2020-06-01,0,대전,46,42,1
2020-06-01,0,울산,52,45,1
2020-06-01,0,세종,47,47,0
2020-06-01,0,경기도,852,657,19
2020-06-01,0,강원도,57,50,3
2020-06-01,0,충청북도,60,49,0
2020-06-01,0,충청남도,146,142,0
2020-06-01,0,전라북도,21,19,0
2020-06-01,0,전라남도,20,17,0
2020-06-01,0,경상북도,1379,1296,54
2020-06-01,0,경상남도,123,121,0
2020-06-01,0,제주도,15,13,0
2020-06-02,0,서울,876,638,4
2020-06-02,0,부산,147,138,3
2020-06-02,0,대구,6884,6616,187
2020-06-02,0,인천,232,98,0
2020-06-02,0,광주,32,30,0
2020-06-02,0,대전,46,42,1
2020-06-02,0,울산,52,45,1
2020-06-02,0,세종,47,47,0
2020-06-02,0,경기도,867,660,19
2020-06-02,0,강원도,57,51,3
2020-06-02,0,충청북도,60,49,0
2020-06-02,0,충청남도,146,142,0
2020-06-02,0,전라북도,21,19,0
2020-06-02,0,전라남도,20,17,0
2020-06-02,0,경상북도,1379,1297,54
2020-06-02,0,경상남도,123,121,0
2020-06-02,0,제주도,15,13,0
2020-06-03,0,서울,895,639,4
2020-06-03,0,부산,147,138,3
2020-06-03,0,대구,6885,6626,188
2020-06-03,0,인천,249,98,0
2020-06-03,0,광주,32,30,0
2020-06-03,0,대전,46,42,1
2020-06-03,0,울산,52,45,1
2020-06-03,0,세종,47,47,0
2020-06-03,0,경기도,879,662,19
2020-06-03,0,강원도,57,51,3
2020-06-03,0,충청북도,60,49,0
2020-06-03,0,충청남도,146,142,0
2020-06-03,0,전라북도,21,19,0
2020-06-03,0,전라남도,20,17,0
2020-06-03,0,경상북도,1379,1298,54
2020-06-03,0,경상남도,123,121,0
2020-06-03,0,제주도,15,13,0
2020-06-04,0,서울,909,644,4
2020-06-04,0,부산,147,138,3
2020-06-04,0,대구,6885,6634,188
2020-06-04,0,인천,256,105,0
2020-06-04,0,광주,32,30,0
2020-06-04,0,대전,46,42,1
2020-06-04,0,울산,52,46,1
2020-06-04,0,세종,47,47,0
2020-06-04,0,경기도,894,665,19
2020-06-04,0,강원도,57,51,3
2020-06-04,0,충청북도,60,49,0
2020-06-04,0,충청남도,146,142,0
2020-06-04,0,전라북도,21,19,0
2020-06-04,0,전라남도,20,17,0
2020-06-04,0,경상북도,1380,1301,54
2020-06-04,0,경상남도,123,121,0
2020-06-04,0,제주도,15,13,0
2020-06-05,0,서울,924,645,4
2020-06-05,0,부산,147,138,3
2020-06-05,0,대구,6886,6634,188
2020-06-05,0,인천,262,107,0
2020-06-05,0,광주,32,30,0
2020-06-05,0,대전,46,42,1
2020-06-05,0,울산,52,46,1
2020-06-05,0,세종,47,47,0
2020-06-05,0,경기도,907,665,19
2020-06-05,0,강원도,57,51,3
2020-06-05,0,충청북도,60,49,0
2020-06-05,0,충청남도,147,143,0
2020-06-05,0,전라북도,21,19,0
2020-06-05,0,전라남도,20,17,0
2020-06-05,0,경상북도,1382,1302,54
2020-06-05,0,경상남도,123,121,0
2020-06-05,0,제주도,15,13,0
2020-06-06,0,서울,947,650,4
2020-06-06,0,부산,147,139,3
2020-06-06,0,대구,6886,6638,188
2020-06-06,0,인천,273,110,0
2020-06-06,0,광주,32,30,0
2020-06-06,0,대전,46,42,1
2020-06-06,0,울산,52,46,1
2020-06-06,0,세종,47,47,0
2020-06-06,0,경기도,915,673,19
2020-06-06,0,강원도,58,51,3
2020-06-06,0,충청북도,60,49,0
2020-06-06,0,충청남도,148,143,0
2020-06-06,0,전라북도,21,19,0
2020-06-06,0,전라남도,20,17,0
2020-06-06,0,경상북도,1383,1303,54
2020-06-06,0,경상남도,124,122,0
2020-06-06,0,제주도,15,13,0
2020-06-07,0,서울,974,651,4
2020-06-07,0,부산,147,140,3
2020-06-07,0,대구,6887,6640,188
2020-06-07,0,인천,279,118,0
2020-06-07,0,광주,32,30,0
2020-06-07,0,대전,46,42,1
2020-06-07,0,울산,53,46,1
2020-06-07,0,세종,47,47,0
2020-06-07,0,경기도,934,678,19
2020-06-07,0,강원도,58,51,3
2020-06-07,0,충청북도,61,49,0
2020-06-07,0,충청남도,148,143,0
2020-06-07,0,전라북도,21,19,0
2020-06-07,0,전라남도,20,17,0
2020-06-07,0,경상북도,1383,1304,54
2020-06-07,0,경상남도,124,122,0
2020-06-07,0,제주도,15,13,0
2020-06-08,0,서울,996,651,4
2020-06-08,0,부산,147,141,3
2020-06-08,0,대구,6888,6641,188
2020-06-08,0,인천,283,118,0
2020-06-08,0,광주,32,30,0
2020-06-08,0,대전,46,43,1
2020-06-08,0,울산,53,46,1
2020-06-08,0,세종,47,47,0
2020-06-08,0,경기도,942,680,19
2020-06-08,0,강원도,58,51,3
2020-06-08,0,충청북도,61,49,0
2020-06-08,0,충청남도,148,143,0
2020-06-08,0,전라북도,21,19,0
2020-06-08,0,전라남도,20,17,0
2020-06-08,0,경상북도,1383,1309,54
2020-06-08,0,경상남도,124,122,0
2020-06-08,0,제주도,15,13,0
2020-06-09,0,서울,1015,664,4
2020-06-09,0,부산,147,141,3
2020-06-09,0,대구,6888,6643,188
2020-06-09,0,인천,286,121,0
2020-06-09,0,광주,32,30,0
2020-06-09,0,대전,46,43,1
2020-06-09,0,울산,53,46,1
2020-06-09,0,세종,47,47,0
2020-06-09,0,경기도,955,680,20
2020-06-09,0,강원도,58,51,3
2020-06-09,0,충청북도,61,49,0
2020-06-09,0,충청남도,150,143,0
2020-06-09,0,전라북도,21,19,0
2020-06-09,0,전라남도,20,17,0
2020-06-09,0,경상북도,1383,1310,54
2020-06-09,0,경상남도,125,123,0
2020-06-09,0,제주도,15,13,0
2020-06-10,0,서울,1027,665,4
2020-06-10,0,부산,147,141,3
2020-06-10,0,대구,6888,6648,188
2020-06-10,0,인천,294,127,0
2020-06-10,0,광주,32,30,0
2020-06-10,0,대전,46,43,1
2020-06-10,0,울산,53,47,1
2020-06-10,0,세종,47,47,0
2020-06-10,0,경기도,976,682,22
2020-06-10,0,강원도,59,51,3
2020-06-10,0,충청북도,61,49,0
2020-06-10,0,충청남도,150,143,0
2020-06-10,0,전라북도,21,19,0
2020-06-10,0,전라남도,20,18,0
2020-06-10,0,경상북도,1383,1310,54
2020-06-10,0,경상남도,127,123,0
2020-06-10,0,제주도,15,13,0
2020-06-11,0,서울,1048,675,4
2020-06-11,0,부산,147,141,3
2020-06-11,0,대구,6888,6651,188
2020-06-11,0,인천,300,136,0
2020-06-11,0,광주,32,30,0
2020-06-11,0,대전,46,43,1
2020-06-11,0,울산,53,47,1
2020-06-11,0,세종,47,47,0
2020-06-11,0,경기도,992,691,22
2020-06-11,0,강원도,59,51,3
2020-06-11,0,충청북도,61,52,0
2020-06-11,0,충청남도,150,143,0
2020-06-11,0,전라북도,21,19,0
2020-06-11,0,전라남도,20,18,0
2020-06-11,0,경상북도,1383,1312,54
2020-06-11,0,경상남도,127,123,0
2020-06-11,0,제주도,15,13,0
2020-06-12,0,서울,1073,680,4
2020-06-12,0,부산,147,141,3
2020-06-12,0,대구,6889,6653,189
2020-06-12,0,인천,301,140,0
2020-06-12,0,광주,32,30,0
2020-06-12,0,대전,46,43,1
2020-06-12,0,울산,53,47,1
2020-06-12,0,세종,47,47,0
2020-06-12,0,경기도,1011,692,22
2020-06-12,0,강원도,59,52,3
2020-06-12,0,충청북도,61,52,0
2020-06-12,0,충청남도,150,144,0
2020-06-12,0,전라북도,21,19,0
2020-06-12,0,전라남도,20,18,0
2020-06-12,0,경상북도,1383,1312,54
2020-06-12,0,경상남도,127,123,0
2020-06-12,0,제주도,15,13,0
2020-06-13,0,서울,1101,688,4
2020-06-13,0,부산,147,142,3
2020-06-13,0,대구,6892,6659,189
2020-06-13,0,인천,302,141,0
2020-06-13,0,광주,32,30,0
2020-06-13,0,대전,46,43,1
2020-06-13,0,울산,53,47,1
2020-06-13,0,세종,47,47,0
2020-06-13,0,경기도,1025,696,22
2020-06-13,0,강원도,59,52,3
2020-06-13,0,충청북도,61,52,0
2020-06-13,0,충청남도,151,144,0
2020-06-13,0,전라북도,21,19,0
2020-06-13,0,전라남도,20,18,0
2020-06-13,0,경상북도,1383,1312,54
2020-06-13,0,경상남도,127,123,0
2020-06-13,0,제주도,15,14,0
2020-06-14,0,서울,1113,689,4
2020-06-14,0,부산,147,142,3
2020-06-14,0,대구,6894,6661,189
2020-06-14,0,인천,310,147,0
2020-06-14,0,광주,32,30,0
2020-06-14,0,대전,46,43,1
2020-06-14,0,울산,53,47,1
2020-06-14,0,세종,47,47,0
2020-06-14,0,경기도,1035,710,22
2020-06-14,0,강원도,60,52,3
2020-06-14,0,충청북도,61,52,0
2020-06-14,0,충청남도,151,144,0
2020-06-14,0,전라북도,21,19,0
2020-06-14,0,전라남도,20,18,0
2020-06-14,0,경상북도,1383,1313,54
2020-06-14,0,경상남도,127,123,0
2020-06-14,0,제주도,15,15,0
2020-06-15,0,서울,1120,689,4
2020-06-15,0,부산,147,142,3
2020-06-15,0,대구,6894,6667,189
2020-06-15,0,인천,318,149,0
2020-06-15,0,광주,32,30,0
2020-06-15,0,대전,46,43,1
2020-06-15,0,울산,53,47,1
2020-06-15,0,세종,47,47,0
2020-06-15,0,경기도,1045,713,22
2020-06-15,0,강원도,60,52,3
2020-06-15,0,충청북도,61,52,0
2020-06-15,0,충청남도,152,144,0
2020-06-15,0,전라북도,21,19,0
2020-06-15,0,전라남도,20,18,0
2020-06-15,0,경상북도,1383,1313,54
2020-06-15,0,경상남도,130,124,0
2020-06-15,0,제주도,15,15,0
2020-06-16,0,서울,1132,703,4
2020-06-16,0,부산,148,142,3
2020-06-16,0,대구,6894,6671,189
2020-06-16,0,인천,320,152,1
2020-06-16,0,광주,32,32,0
2020-06-16,0,대전,49,43,1
2020-06-16,0,울산,53,47,1
2020-06-16,0,세종,47,47,0
2020-06-16,0,경기도,1050,716,22
2020-06-16,0,강원도,60,52,3
2020-06-16,0,충청북도,61,55,0
2020-06-16,0,충청남도,152,144,0
2020-06-16,0,전라북도,21,20,0
2020-06-16,0,전라남도,20,18,0
2020-06-16,0,경상북도,1383,1313,54
2020-06-16,0,경상남도,132,124,0
2020-06-16,0,제주도,15,15,0
2020-06-17,0,서울,1145,710,5
2020-06-17,0,부산,148,142,3
2020-06-17,0,대구,6895,6672,189
2020-06-17,0,인천,322,152,1
2020-06-17,0,광주,32,32,0
2020-06-17,0,대전,54,43,1
2020-06-17,0,울산,53,47,1
2020-06-17,0,세종,47,47,0
2020-06-17,0,경기도,1063,720,22
2020-06-17,0,강원도,60,52,3
2020-06-17,0,충청북도,61,55,0
2020-06-17,0,충청남도,153,144,0
2020-06-17,0,전라북도,21,20,0
2020-06-17,0,전라남도,20,18,0
2020-06-17,0,경상북도,1383,1313,54
2020-06-17,0,경상남도,132,124,0
2020-06-17,0,제주도,16,15,0
2020-06-18,0,서울,1170,718,6
2020-06-18,0,부산,148,142,3
2020-06-18,0,대구,6896,6674,189
2020-06-18,0,인천,323,158,1
2020-06-18,0,광주,32,32,0
2020-06-18,0,대전,61,44,1
2020-06-18,0,울산,53,48,1
2020-06-18,0,세종,48,47,0
2020-06-18,0,경기도,1079,724,22
2020-06-18,0,강원도,60,52,3
2020-06-18,0,충청북도,61,55,0
2020-06-18,0,충청남도,156,144,0
2020-06-18,0,전라북도,22,20,0
2020-06-18,0,전라남도,20,18,0
2020-06-18,0,경상북도,1383,1316,54
2020-06-18,0,경상남도,132,124,0
2020-06-18,0,제주도,16,15,0
2020-06-19,0,서울,1188,724,6
2020-06-19,0,부산,148,142,3
2020-06-19,0,대구,6896,6676,189
2020-06-19,0,인천,323,161,1
2020-06-19,0,광주,32,32,0
2020-06-19,0,대전,67,44,1
2020-06-19,0,울산,53,48,1
2020-06-19,0,세종,48,47,0
2020-06-19,0,경기도,1090,737,22
2020-06-19,0,강원도,60,52,3
2020-06-19,0,충청북도,61,55,0
2020-06-19,0,충청남도,156,144,0
2020-06-19,0,전라북도,22,20,0
2020-06-19,0,전라남도,20,18,0
2020-06-19,0,경상북도,1383,1317,54
2020-06-19,0,경상남도,132,124,0
2020-06-19,0,제주도,19,15,0
2020-06-20,0,서울,1202,730,6
2020-06-20,0,부산,150,142,3
2020-06-20,0,대구,6898,6679,189
2020-06-20,0,인천,328,165,1
2020-06-20,0,광주,32,32,0
2020-06-20,0,대전,72,44,1
2020-06-20,0,울산,53,48,1
2020-06-20,0,세종,48,47,0
2020-06-20,0,경기도,1107,741,22
2020-06-20,0,강원도,60,52,3
2020-06-20,0,충청북도,61,55,0
2020-06-20,0,충청남도,158,144,0
2020-06-20,0,전라북도,23,20,0
2020-06-20,0,전라남도,20,18,0
2020-06-20,0,경상북도,1384,1319,54
2020-06-20,0,경상남도,132,124,0
2020-06-20,0,제주도,19,15,0
2020-06-21,0,서울,1219,733,6
2020-06-21,0,부산,150,142,3
2020-06-21,0,대구,6899,6680,189
2020-06-21,0,인천,328,167,1
2020-06-21,0,광주,33,32,0
2020-06-21,0,대전,82,44,1
2020-06-21,0,울산,53,48,1
2020-06-21,0,세종,49,47,0
2020-06-21,0,경기도,1117,744,22
2020-06-21,0,강원도,62,52,3
2020-06-21,0,충청북도,61,55,0
2020-06-21,0,충청남도,159,144,0
2020-06-21,0,전라북도,23,20,0
2020-06-21,0,전라남도,20,18,0
2020-06-21,0,경상북도,1384,1320,54
2020-06-21,0,경상남도,133,124,0
2020-06-21,0,제주도,19,15,0
2020-06-22,0,서울,1224,733,6
2020-06-22,0,부산,150,142,3
2020-06-22,0,대구,6900,6681,189
2020-06-22,0,인천,329,169,1
2020-06-22,0,광주,33,32,0
2020-06-22,0,대전,82,44,1
2020-06-22,0,울산,53,48,1
2020-06-22,0,세종,49,47,0
2020-06-22,0,경기도,1123,753,22
2020-06-22,0,강원도,62,52,3
2020-06-22,0,충청북도,61,56,0
2020-06-22,0,충청남도,161,144,0
2020-06-22,0,전라북도,24,20,0
2020-06-22,0,전라남도,20,18,0
2020-06-22,0,경상북도,1385,1320,54
2020-06-22,0,경상남도,133,124,0
2020-06-22,0,제주도,19,15,0
2020-06-23,0,서울,1230,743,6
2020-06-23,0,부산,150,142,3
2020-06-23,0,대구,6901,6686,189
2020-06-23,0,인천,330,170,1
2020-06-23,0,광주,33,32,0
2020-06-23,0,대전,86,44,1
2020-06-23,0,울산,53,48,1
2020-06-23,0,세종,49,47,0
2020-06-23,0,경기도,1130,758,23
2020-06-23,0,강원도,62,52,3
2020-06-23,0,충청북도,62,56,0
2020-06-23,0,충청남도,161,144,0
2020-06-23,0,전라북도,24,20,0
2020-06-23,0,전라남도,20,18,0
2020-06-23,0,경상북도,1385,1321,54
2020-06-23,0,경상남도,133,124,0
2020-06-23,0,제주도,19,15,0
2020-06-24,0,서울,1241,747,6
2020-06-24,0,부산,152,142,3
2020-06-24,0,대구,6903,6687,189
2020-06-24,0,인천,333,174,1
2020-06-24,0,광주,33,32,0
2020-06-24,0,대전,94,44,1
2020-06-24,0,울산,55,48,1
2020-06-24,0,세종,49,47,0
2020-06-24,0,경기도,1137,761,23
2020-06-24,0,강원도,63,52,3
2020-06-24,0,충청북도,62,56,0
2020-06-24,0,충청남도,162,146,0
2020-06-24,0,전라북도,25,20,0
2020-06-24,0,전라남도,20,18,0
2020-06-24,0,경상북도,1386,1321,54
2020-06-24,0,경상남도,133,124,0
2020-06-24,0,제주도,19,15,0
2020-06-25,0,서울,1250,761,7
2020-06-25,0,부산,152,142,3
2020-06-25,0,대구,6903,6689,189
2020-06-25,0,인천,334,182,1
2020-06-25,0,광주,33,32,0
2020-06-25,0,대전,98,44,1
2020-06-25,0,울산,55,48,1
2020-06-25,0,세종,49,47,0
2020-06-25,0,경기도,1146,777,23
2020-06-25,0,강원도,63,52,3
2020-06-25,0,충청북도,62,57,0
2020-06-25,0,충청남도,163,146,0
2020-06-25,0,전라북도,25,20,0
2020-06-25,0,전라남도,20,18,0
2020-06-25,0,경상북도,1386,1321,54
2020-06-25,0,경상남도,133,125,0
2020-06-25,0,제주도,19,16,0
2020-06-26,0,서울,1267,843,7
2020-06-26,0,부산,152,142,3
2020-06-26,0,대구,6903,6695,189
2020-06-26,0,인천,336,231,1
2020-06-26,0,광주,33,32,0
2020-06-26,0,대전,102,44,1
2020-06-26,0,울산,55,49,1
2020-06-26,0,세종,49,47,0
2020-06-26,0,경기도,1150,814,23
2020-06-26,0,강원도,64,52,3
2020-06-26,0,충청북도,62,60,0
2020-06-26,0,충청남도,166,148,0
2020-06-26,0,전라북도,25,20,0
2020-06-26,0,전라남도,20,18,0
2020-06-26,0,경상북도,1387,1327,54
2020-06-26,0,경상남도,133,125,0
2020-06-26,0,제주도,19,16,0
2020-06-27,0,서울,1284,911,7
2020-06-27,0,부산,152,142,3
2020-06-27,0,대구,6904,6700,189
2020-06-27,0,인천,337,250,2
2020-06-27,0,광주,33,32,0
2020-06-27,0,대전,104,44,1
2020-06-27,0,울산,55,50,1
2020-06-27,0,세종,49,47,0
2020-06-27,0,경기도,1167,858,22
2020-06-27,0,강원도,64,52,3
2020-06-27,0,충청북도,63,60,0
2020-06-27,0,충청남도,166,148,0
2020-06-27,0,전라북도,26,20,0
2020-06-27,0,전라남도,20,19,0
2020-06-27,0,경상북도,1387,1328,54
2020-06-27,0,경상남도,133,128,0
2020-06-27,0,제주도,19,16,0
2020-06-28,0,서울,1298,923,7
2020-06-28,0,부산,152,143,3
2020-06-28,0,대구,6904,6700,189
2020-06-28,0,인천,337,264,1
2020-06-28,0,광주,37,32,0
2020-06-28,0,대전,110,44,1
2020-06-28,0,울산,55,50,1
2020-06-28,0,세종,49,47,0
2020-06-28,0,경기도,1184,873,23
2020-06-28,0,강원도,64,53,3
2020-06-28,0,충청북도,64,60,0
2020-06-28,0,충청남도,167,148,0
2020-06-28,0,전라북도,26,21,0
2020-06-28,0,전라남도,23,19,0
2020-06-28,0,경상북도,1387,1328,54
2020-06-28,0,경상남도,133,128,0
2020-06-28,0,제주도,19,16,0
2020-06-29,0,서울,1305,942,7
2020-06-29,0,부산,153,143,3
2020-06-29,0,대구,6906,6700,189
2020-06-29,0,인천,338,284,1
2020-06-29,0,광주,41,32,0
2020-06-29,0,대전,112,44,1
2020-06-29,0,울산,55,50,1
2020-06-29,0,세종,49,47,0
2020-06-29,0,경기도,1200,888,23
2020-06-29,0,강원도,64,54,3
2020-06-29,0,충청북도,64,60,0
2020-06-29,0,충청남도,167,150,0
2020-06-29,0,전라북도,27,21,0
2020-06-29,0,전라남도,24,19,0
2020-06-29,0,경상북도,1388,1328,54
2020-06-29,0,경상남도,134,128,0
2020-06-29,0,제주도,19,16,0
2020-06-30,0,서울,1312,985,7
2020-06-30,0,부산,154,142,3
2020-06-30,0,대구,6906,6700,189
2020-06-30,0,인천,341,290,1
2020-06-30,0,광주,44,32,0
2020-06-30,0,대전,117,44,1
2020-06-30,0,울산,55,50,1
2020-06-30,0,세종,50,47,0
2020-06-30,0,경기도,1207,931,23
2020-06-30,0,강원도,65,54,3
2020-06-30,0,충청북도,65,60,0
2020-06-30,0,충청남도,167,150,0
2020-06-30,0,전라북도,27,21,0
2020-06-30,0,전라남도,24,19,0
2020-06-30,0,경상북도,1389,1328,54
2020-06-30,0,경상남도,134,128,0
2020-06-30,0,제주도,19,16,0
